t,v,h
60.0,,
60.5,,
61.0,,
61.5,,
62.0,1656.0,1.0
62.5,,
63.0,1692.0,1.0
63.5,,
64.0,1728.0,12.0
64.5,1728.0,12.0
65.0,,
65.5,,
66.0,1836.0,13.0
66.5,1836.0,13.0
67.0,,
67.5,,
68.0,1944.0,13.0
68.5,1944.0,13.0
69.0,1980.0,14.0
69.5,1980.0,14.0
70.0,1908.0,14.0
70.5,2052.0,14.0
71.0,,
71.5,2088.0,15.0
72.0,2088.0,15.0
72.5,2160.0,15.0
73.0,2160.0,15.0
73.5,2196.0,16.0
74.0,2268.0,16.0
74.5,2268.0,16.0
75.0,2304.0,17.0
75.5,2304.0,17.0
76.0,,
76.5,,
77.0,,
77.5,,
78.0,,
78.5,,
79.0,,
79.5,2556.0,19.0
80.0,2772.0,19.0
80.5,2628.0,19.0
81.0,2628.0,19.0
81.5,,
82.0,,
82.5,,
83.0,2844.0,21.0
83.5,2844.0,21.0
84.0,,
84.5,,
85.0,,
85.5,3024.0,22.0
86.0,3096.0,22.0
86.5,3096.0,23.0
87.0,3096.0,23.0
87.5,3168.0,23.0
88.0,3096.0,23.0
88.5,3240.0,24.0
89.0,3528.0,24.0
89.5,3348.0,24.0
90.0,3420.0,25.0
90.5,3420.0,25.0
91.0,3528.0,26.0
91.5,3528.0,26.0
92.0,3600.0,26.0
92.5,3600.0,26.0
93.0,3708.0,27.0
93.5,3708.0,27.0
94.0,3780.0,238.0
94.5,3780.0,28.0
95.0,3888.0,28.0
95.5,3888.0,28.0
96.0,3996.0,29.0
96.5,,
97.0,,
97.5,,
98.0,,
98.5,,
99.0,4284.0,31.0
99.5,4284.0,31.0
100.0,,
100.5,,
101.0,4500.0,33.0
101.5,,
102.0,4644.0,33.0
102.5,4644.0,33.0
103.0,,
103.5,,
104.0,,
104.5,,
105.0,,
105.5,,
106.0,,
106.5,,
107.0,,
107.5,,
108.0,,
108.5,,
109.0,,
109.5,,
110.0,,
110.5,5616.0,40.0
111.0,5724.0,41.0
111.5,5724.0,41.0
112.0,5868.0,42.0
112.5,5868.0,42.0
113.0,6012.0,43.0
113.5,6012.0,43.0
114.0,6120.0,44.0
114.5,6120.0,44.0
115.0,6264.0,4.0
115.5,6264.0,45.0
116.0,6372.0,46.0
116.5,6372.0,46.0
117.0,6480.0,47.0
117.5,6480.0,47.0
118.0,6588.0,48.0
118.5,6588.0,48.0
119.0,6696.0,49.0
119.5,,
120.0,,
120.5,,
121.0,6840.0,51.0
121.5,6840.0,51.0
122.0,6948.0,52.0
122.5,6948.0,52.0
123.0,,
123.5,,
124.0,,
124.5,7056.0,54.0
125.0,7092.0,55.0
125.5,7092.0,55.0
126.0,7128.0,56.0
126.5,7128.0,56.0
127.0,7164.0,57.0
127.5,7164.0,57.0
128.0,7200.0,58.0
128.5,7200.0,58.0
129.0,7200.0,59.0
129.5,7200.0,59.0
130.0,7236.0,60.0
130.5,7236.0,60.0
131.0,7236.0,61.0
131.5,7236.0,61.0
132.0,7272.0,62.0
132.5,7272.0,62.0
133.0,7272.0,63.0
133.5,7272.0,63.0
134.0,7272.0,64.0
134.5,7272.0,64.0
135.0,7308.0,65.0
135.5,7308.0,65.0
136.0,7308.0,66.0
136.5,7308.0,66.0
137.0,7308.0,67.0
137.5,,
138.0,7308.0,68.0
138.5,7308.0,68.0
139.0,7308.0,69.0
139.5,7308.0,69.0
140.0,7344.0,70.0
140.5,7344.0,70.0
141.0,7344.0,71.0
141.5,7344.0,71.0
142.0,7344.0,72.0
142.5,7344.0,72.0
143.0,,
143.5,,
144.0,7380.0,74.0
144.5,7380.0,74.0
145.0,7380.0,74.0
145.5,7380.0,74.0
146.0,7416.0,75.0
146.5,7416.0,75.0
147.0,,
147.5,,
148.0,7416.0,77.0
148.5,7416.0,77.0
149.0,7452.0,78.0
149.5,7452.0,78.0
150.0,7452.0,79.0
150.5,7452.0,79.0
151.0,7488.0,80.0
151.5,7488.0,80.0
152.0,7488.0,1.0
152.5,7488.0,1.0
153.0,7488.0,82.0
153.5,7488.0,82.0
154.0,7524.0,83.0
154.5,7524.0,83.0
155.0,7524.0,84.0
155.5,7524.0,84.0
156.0,7524.0,84.0
156.5,7524.0,84.0
157.0,7560.0,85.0
157.5,7560.0,85.0
158.0,,
158.5,7560.0,86.0
159.0,7596.0,87.0
159.5,7596.0,87.0
160.0,,
160.5,,
161.0,7596.0,89.0
161.5,7596.0,89.0
162.0,7632.0,20.0
162.5,7632.0,20.0
163.0,7632.0,91.0
163.5,7632.0,91.0
164.0,7668.0,91.0
164.5,7668.0,91.0
165.0,7668.0,22.0
165.5,7668.0,92.0
166.0,7704.0,93.0
166.5,7704.0,93.0
167.0,7704.0,94.0
167.5,7704.0,94.0
168.0,7704.0,95.0
168.5,7704.0,95.0
169.0,7740.0,26.0
169.5,7740.0,26.0
170.0,7740.0,97.0
170.5,7740.0,97.0
171.0,7776.0,97.0
171.5,7776.0,97.0
172.0,7776.0,98.0
172.5,,
173.0,7812.0,99.0
173.5,7812.0,99.0
174.0,7812.0,100.0
174.5,7812.0,100.0
175.0,7848.0,101.0
175.5,7848.0,101.0
176.0,7848.0,102.0
176.5,7848.0,102.0
177.0,7848.0,102.0
177.5,7848.0,102.0
178.0,7884.0,103.0
178.5,7884.0,103.0
179.0,7884.0,104.0
179.5,7884.0,104.0
180.0,7920.0,105.0
180.5,7920.0,105.0
181.0,7920.0,106.0
181.5,7920.0,106.0
182.0,7956.0,106.0
182.5,7956.0,106.0
183.0,7956.0,107.0
183.5,7956.0,107.0
184.0,7992.0,108.0
184.5,7992.0,108.0
185.0,7992.0,109.0
185.5,7992.0,109.0
186.0,8028.0,110.0
186.5,8028.0,110.0
187.0,8028.0,110.0
187.5,8028.0,110.0
188.0,8064.0,111.0
188.5,8064.0,111.0
189.0,8064.0,112.0
189.5,8064.0,112.0
190.0,8100.0,113.0
190.5,8100.0,113.0
191.0,8100.0,114.0
191.5,8100.0,114.0
192.0,8136.0,114.0
192.5,8136.0,114.0
193.0,8136.0,115.0
193.5,8136.0,115.0
194.0,8172.0,116.0
194.5,8172.0,116.0
195.0,8172.0,117.0
195.5,8172.0,117.0
196.0,8208.0,117.0
196.5,8208.0,117.0
197.0,8208.0,118.0
197.5,8208.0,118.0
198.0,8244.0,119.0
198.5,8244.0,119.0
199.0,8244.0,120.0
199.5,8244.0,120.0
200.0,8280.0,120.0
200.5,8280.0,120.0
201.0,8280.0,121.0
201.5,8280.0,121.0
202.0,8316.0,122.0
202.5,8316.0,122.0
203.0,8316.0,123.0
203.5,8316.0,123.0
204.0,8352.0,123.0
204.5,8352.0,123.0
205.0,8352.0,124.0
205.5,8352.0,124.0
206.0,8388.0,125.0
206.5,8388.0,125.0
207.0,8388.0,126.0
207.5,8388.0,126.0
208.0,8424.0,126.0
208.5,8424.0,126.0
209.0,8460.0,127.0
209.5,8460.0,127.0
210.0,8460.0,128.0
210.5,8460.0,128.0
211.0,8496.0,129.0
211.5,8496.0,129.0
212.0,8496.0,129.0
212.5,8496.0,129.0
213.0,8532.0,130.0
213.5,8532.0,130.0
214.0,8532.0,131.0
214.5,8532.0,131.0
215.0,8568.0,131.0
215.5,8568.0,131.0
216.0,8604.0,132.0
216.5,8604.0,132.0
217.0,8604.0,133.0
217.5,8604.0,133.0
218.0,8640.0,134.0
218.5,8640.0,134.0
219.0,8676.0,134.0
219.5,8676.0,134.0
220.0,8676.0,135.0
220.5,8676.0,135.0
221.0,8712.0,136.0
221.5,8712.0,136.0
222.0,8712.0,136.0
222.5,8712.0,136.0
223.0,8748.0,137.0
223.5,8748.0,137.0
224.0,8784.0,138.0
224.5,8784.0,138.0
225.0,8784.0,139.0
225.5,8784.0,139.0
226.0,8820.0,139.0
226.5,8820.0,139.0
227.0,8856.0,140.0
227.5,8856.0,140.0
228.0,8856.0,141.0
228.5,8856.0,141.0
229.0,8892.0,141.0
229.5,8892.0,141.0
230.0,8892.0,142.0
230.5,8892.0,142.0
231.0,8928.0,143.0
231.5,8928.0,143.0
232.0,,
232.5,,
233.0,,
233.5,,
234.0,,
234.5,,
235.0,,
235.5,,
236.0,,
236.5,,
237.0,,
237.5,,
238.0,,
238.5,,
239.0,9144.0,148.0
239.5,9144.0,148.0
240.0,9144.0,149.0
240.5,9144.0,149.0
241.0,9180.0,149.0
241.5,9180.0,149.0
242.0,9216.0,150.0
242.5,9216.0,150.0
243.0,9216.0,151.0
243.5,9216.0,151.0
244.0,9252.0,151.0
244.5,9252.0,151.0
245.0,9288.0,152.0
245.5,9288.0,152.0
246.0,9324.0,153.0
246.5,9324.0,153.0
247.0,9324.0,153.0
247.5,9324.0,153.0
248.0,9360.0,154.0
248.5,9360.0,154.0
249.0,9396.0,155.0
249.5,9396.0,155.0
250.0,9396.0,155.0
250.5,9396.0,155.0
251.0,,
251.5,,
252.0,9468.0,156.0
252.5,9468.0,156.0
253.0,9504.0,157.0
253.5,9504.0,157.0
254.0,9504.0,158.0
254.5,9504.0,158.0
255.0,9540.0,158.0
255.5,9540.0,158.0
256.0,9576.0,159.0
256.5,9576.0,159.0
257.0,9612.0,160.0
257.5,9612.0,160.0
258.0,9648.0,160.0
258.5,9648.0,160.0
259.0,9648.0,161.0
259.5,9648.0,161.0
260.0,9684.0,161.0
260.5,9684.0,161.0
261.0,9720.0,162.0
261.5,9720.0,162.0
262.0,9756.0,163.0
262.5,9756.0,163.0
263.0,9756.0,163.0
263.5,9756.0,163.0
264.0,9792.0,164.0
264.5,9792.0,164.0
265.0,9828.0,164.0
265.5,9828.0,164.0
266.0,,
266.5,9864.0,165.0
267.0,9900.0,166.0
267.5,9900.0,166.0
268.0,9900.0,166.0
268.5,9900.0,166.0
269.0,9936.0,167.0
269.5,9936.0,167.0
270.0,9972.0,167.0
270.5,9972.0,167.0
271.0,10008.0,168.0
271.5,10008.0,168.0
272.0,10044.0,169.0
272.5,10044.0,169.0
273.0,10080.0,169.0
273.5,10080.0,169.0
274.0,10080.0,170.0
274.5,10080.0,170.0
275.0,10116.0,170.0
275.5,10116.0,170.0
276.0,10152.0,171.0
276.5,10152.0,171.0
277.0,10188.0,171.0
277.5,10188.0,171.0
278.0,10224.0,172.0
278.5,10224.0,172.0
279.0,10260.0,173.0
279.5,10260.0,173.0
280.0,10296.0,173.0
280.5,10296.0,173.0
281.0,10296.0,174.0
281.5,10296.0,174.0
282.0,10332.0,174.0
282.5,10332.0,174.0
283.0,10368.0,175.0
283.5,10368.0,175.0
284.0,10404.0,175.0
284.5,10404.0,175.0
285.0,10440.0,176.0
285.5,10440.0,176.0
286.0,10476.0,177.0
286.5,10476.0,177.0
287.0,10512.0,177.0
287.5,10512.0,177.0
288.0,10548.0,178.0
288.5,10548.0,178.0
289.0,10584.0,178.0
289.5,10584.0,178.0
290.0,10620.0,179.0
290.5,10620.0,179.0
291.0,10620.0,179.0
291.5,10620.0,179.0
292.0,10656.0,180.0
292.5,10656.0,180.0
293.0,10692.0,180.0
293.5,10692.0,180.0
294.0,10728.0,181.0
294.5,10728.0,181.0
295.0,10764.0,181.0
295.5,10764.0,181.0
296.0,10800.0,182.0
296.5,10800.0,182.0
297.0,10836.0,183.0
297.5,10836.0,183.0
298.0,10872.0,183.0
298.5,10872.0,183.0
299.0,10908.0,184.0
299.5,10908.0,184.0
300.0,10944.0,184.0
300.5,10944.0,184.0
301.0,,
301.5,,
302.0,11016.0,185.0
302.5,11016.0,185.0
303.0,,
303.5,,
304.0,11088.0,186.0
304.5,11088.0,186.0
305.0,11124.0,187.0
305.5,11124.0,187.0
306.0,11160.0,187.0
306.5,11160.0,187.0
307.0,11196.0,188.0
307.5,11196.0,188.0
308.0,11232.0,188.0
308.5,11232.0,188.0
309.0,11268.0,189.0
309.5,11268.0,189.0
310.0,11304.0,189.0
310.5,11304.0,189.0
311.0,11340.0,190.0
311.5,11340.0,190.0
312.0,11376.0,190.0
312.5,11376.0,190.0
313.0,,
313.5,,
314.0,11448.0,191.0
314.5,11448.0,191.0
315.0,11484.0,192.0
315.5,11484.0,192.0
316.0,11520.0,192.0
316.5,11520.0,192.0
317.0,,
317.5,,
318.0,11592.0,193.0
318.5,11592.0,193.0
319.0,11628.0,194.0
319.5,11628.0,194.0
320.0,,
320.5,11664.0,194.0
321.0,11700.0,195.0
321.5,11700.0,195.0
322.0,11736.0,195.0
322.5,11736.0,195.0
323.0,11808.0,195.0
323.5,11808.0,195.0
324.0,11844.0,196.0
324.5,11844.0,196.0
325.0,11880.0,196.0
325.5,11880.0,196.0
326.0,11916.0,197.0
326.5,11916.0,197.0
327.0,11952.0,197.0
327.5,11952.0,197.0
328.0,11988.0,198.0
328.5,11988.0,198.0
329.0,12024.0,198.0
329.5,12024.0,198.0
330.0,12060.0,199.0
330.5,12060.0,199.0
331.0,12096.0,199.0
331.5,12096.0,199.0
332.0,12132.0,200.0
332.5,12132.0,200.0
333.0,12204.0,200.0
333.5,12204.0,200.0
334.0,12240.0,201.0
334.5,12240.0,201.0
335.0,12276.0,201.0
335.5,12276.0,201.0
336.0,12312.0,201.0
336.5,12312.0,201.0
337.0,12348.0,202.0
337.5,12348.0,202.0
338.0,12384.0,202.0
338.5,12384.0,202.0
339.0,12420.0,203.0
339.5,12420.0,203.0
340.0,12492.0,203.0
340.5,,
341.0,12528.0,204.0
341.5,12528.0,204.0
342.0,12564.0,204.0
342.5,12564.0,204.0
343.0,12600.0,204.0
343.5,12600.0,204.0
344.0,12636.0,205.0
344.5,12636.0,205.0
345.0,12708.0,205.0
345.5,12708.0,205.0
346.0,12744.0,206.0
346.5,12744.0,206.0
347.0,12780.0,206.0
347.5,12780.0,206.0
348.0,12816.0,206.0
348.5,12816.0,206.0
349.0,12852.0,207.0
349.5,12852.0,207.0
350.0,12924.0,207.0
350.5,12924.0,207.0
351.0,12960.0,208.0
351.5,12960.0,208.0
352.0,12996.0,208.0
352.5,12996.0,208.0
353.0,13032.0,208.0
353.5,13032.0,208.0
354.0,13104.0,209.0
354.5,13104.0,209.0
355.0,13140.0,209.0
355.5,13140.0,209.0
356.0,13176.0,210.0
356.5,13176.0,210.0
357.0,13212.0,210.0
357.5,13212.0,210.0
358.0,13284.0,210.0
358.5,13284.0,210.0
359.0,13320.0,211.0
359.5,13320.0,211.0
360.0,13356.0,211.0
360.5,13356.0,211.0
361.0,13428.0,212.0
361.5,13428.0,212.0
362.0,13464.0,212.0
362.5,13464.0,212.0
363.0,,
363.5,,
364.0,13572.0,213.0
364.5,13572.0,213.0
365.0,13608.0,213.0
365.5,13608.0,213.0
366.0,13644.0,213.0
366.5,13644.0,213.0
367.0,13716.0,214.0
367.5,13716.0,214.0
368.0,13752.0,214.0
368.5,13752.0,214.0
369.0,13788.0,214.0
369.5,13788.0,214.0
370.0,13860.0,215.0
370.5,13860.0,215.0
371.0,13896.0,215.0
371.5,13896.0,215.0
372.0,13932.0,216.0
372.5,13932.0,216.0
373.0,14004.0,216.0
373.5,14004.0,216.0
374.0,14040.0,216.0
374.5,14040.0,216.0
375.0,14076.0,217.0
375.5,14076.0,217.0
376.0,14148.0,217.0
376.5,14148.0,217.0
377.0,14184.0,217.0
377.5,14184.0,217.0
378.0,14256.0,218.0
378.5,14256.0,218.0
379.0,14292.0,218.0
379.5,14292.0,218.0
380.0,14328.0,218.0
380.5,14328.0,218.0
381.0,14400.0,219.0
381.5,14400.0,219.0
382.0,14436.0,219.0
382.5,14436.0,219.0
383.0,14508.0,219.0
383.5,14508.0,219.0
384.0,14544.0,220.0
384.5,14544.0,220.0
385.0,14616.0,220.0
385.5,14616.0,220.0
386.0,14652.0,220.0
386.5,14652.0,220.0
387.0,14724.0,220.0
387.5,14724.0,220.0
388.0,14760.0,221.0
388.5,14760.0,221.0
389.0,,
389.5,,
390.0,14868.0,221.0
390.5,14868.0,221.0
391.0,14904.0,222.0
391.5,14904.0,222.0
392.0,14976.0,222.0
392.5,14976.0,222.0
393.0,15012.0,222.0
393.5,15012.0,222.0
394.0,15084.0,222.0
394.5,15084.0,222.0
395.0,,
395.5,,
396.0,15192.0,223.0
396.5,15192.0,223.0
397.0,15264.0,223.0
397.5,15264.0,223.0
398.0,15300.0,224.0
398.5,15300.0,224.0
399.0,15372.0,224.0
399.5,15372.0,224.0
400.0,15408.0,224.0
400.5,15408.0,224.0
401.0,15480.0,224.0
401.5,15480.0,224.0
402.0,15516.0,225.0
402.5,15516.0,225.0
403.0,15588.0,225.0
403.5,15588.0,225.0
404.0,15660.0,225.0
404.5,15660.0,225.0
405.0,15696.0,225.0
405.5,15696.0,225.0
406.0,15768.0,226.0
406.5,15768.0,226.0
407.0,15804.0,226.0
407.5,15804.0,226.0
408.0,15876.0,226.0
408.5,15876.0,226.0
409.0,15948.0,226.0
409.5,15948.0,226.0
410.0,15984.0,227.0
410.5,15984.0,227.0
411.0,16056.0,227.0
411.5,16056.0,227.0
412.0,16128.0,227.0
412.5,16128.0,227.0
413.0,16164.0,227.0
413.5,16164.0,227.0
414.0,16236.0,228.0
414.5,16236.0,228.0
415.0,16272.0,228.0
415.5,16272.0,228.0
416.0,16344.0,228.0
416.5,16344.0,228.0
417.0,16416.0,228.0
417.5,16416.0,228.0
418.0,16488.0,228.0
418.5,16488.0,228.0
419.0,16524.0,229.0
419.5,16524.0,229.0
420.0,16596.0,229.0
420.5,16596.0,229.0
421.0,16668.0,229.0
421.5,16668.0,229.0
422.0,16704.0,229.0
422.5,16704.0,229.0
423.0,16776.0,229.0
423.5,16776.0,229.0
424.0,16848.0,230.0
424.5,16848.0,230.0
425.0,16920.0,230.0
425.5,16920.0,230.0
426.0,16956.0,230.0
426.5,16956.0,230.0
427.0,17028.0,230.0
427.5,17028.0,230.0
428.0,17100.0,230.0
428.5,17100.0,230.0
429.0,17172.0,231.0
429.5,17172.0,231.0
430.0,17244.0,231.0
430.5,17244.0,231.0
431.0,17280.0,231.0
431.5,17280.0,231.0
432.0,17352.0,231.0
432.5,17352.0,231.0
433.0,17424.0,231.0
433.5,17496.0,231.0
434.0,17496.0,231.0
434.5,17496.0,232.0
435.0,17568.0,232.0
435.5,17496.0,232.0
436.0,17640.0,232.0
436.5,17640.0,232.0
437.0,17676.0,232.0
437.5,17676.0,232.0
438.0,17748.0,232.0
438.5,17748.0,232.0
439.0,17820.0,232.0
439.5,17820.0,232.0
440.0,17892.0,232.0
440.5,,
441.0,17964.0,232.0
441.5,25164.0,232.0
442.0,18036.0,233.0
442.5,18108.0,233.0
443.0,18108.0,233.0
443.5,18108.0,233.0
444.0,18180.0,233.0
444.5,18180.0,233.0
445.0,18252.0,233.0
445.5,18252.0,233.0
446.0,18288.0,233.0
446.5,18288.0,233.0
447.0,18360.0,233.0
447.5,18360.0,233.0
448.0,18432.0,233.0
448.5,18432.0,233.0
449.0,18504.0,233.0
449.5,18504.0,233.0
450.0,18576.0,233.0
450.5,18576.0,233.0
451.0,18648.0,234.0
451.5,24408.0,234.0
452.0,,
452.5,18720.0,234.0
453.0,18792.0,234.0
453.5,18792.0,234.0
454.0,18864.0,234.0
454.5,18864.0,234.0
455.0,18936.0,234.0
455.5,,
456.0,19008.0,234.0
456.5,18936.0,234.0
457.0,,
457.5,,
458.0,19188.0,234.0
458.5,19260.0,234.0
459.0,19260.0,234.0
459.5,19260.0,234.0
460.0,19332.0,234.0
460.5,19152.0,234.0
461.0,19404.0,234.0
461.5,19764.0,234.0
462.0,19476.0,234.0
462.5,19548.0,234.0
463.0,19548.0,234.0
463.5,19620.0,234.0
464.0,19620.0,234.0
464.5,19692.0,235.0
465.0,19692.0,235.0
465.5,19764.0,235.0
466.0,19764.0,235.0
466.5,19764.0,234.0
467.0,19764.0,234.0
467.5,19944.0,235.0
468.0,19944.0,235.0
468.5,20016.0,235.0
469.0,20016.0,235.0
469.5,20088.0,235.0
470.0,20088.0,235.0
470.5,20160.0,235.0
471.0,20160.0,235.0
471.5,,
472.0,,
472.5,20340.0,235.0
473.0,20340.0,235.0
473.5,20412.0,235.0
474.0,20412.0,235.0
474.5,20484.0,235.0
475.0,,
475.5,20592.0,235.0
476.0,20592.0,235.0
476.5,20664.0,235.0
477.0,20664.0,235.0
477.5,20736.0,235.0
478.0,20736.0,235.0
478.5,,
479.0,,
479.5,20916.0,235.0
480.0,20916.0,235.0
480.5,20988.0,235.0
481.0,20988.0,235.0
481.5,21060.0,235.0
482.0,21060.0,235.0
482.5,21060.0,235.0
483.0,21168.0,235.0
483.5,21168.0,235.0
484.0,21240.0,235.0
484.5,21240.0,235.0
485.0,21348.0,235.0
485.5,21420.0,235.0
486.0,21420.0,235.0
486.5,21492.0,234.0
487.0,21492.0,234.0
487.5,21600.0,234.0
488.0,21600.0,234.0
488.5,21672.0,234.0
489.0,21672.0,234.0
489.5,21780.0,234.0
490.0,21780.0,234.0
490.5,21708.0,234.0
491.0,21852.0,234.0
491.5,21852.0,234.0
492.0,21960.0,234.0
492.5,21960.0,234.0
493.0,22032.0,234.0
493.5,22140.0,234.0
494.0,22140.0,234.0
494.5,22212.0,234.0
495.0,22212.0,234.0
495.5,22320.0,234.0
496.0,22320.0,234.0
496.5,22392.0,234.0
497.0,22392.0,234.0
497.5,22392.0,234.0
498.0,22500.0,234.0
498.5,22500.0,234.0
499.0,22608.0,234.0
499.5,22608.0,234.0
500.0,22680.0,234.0
500.5,22788.0,233.0
501.0,22788.0,233.0
501.5,22896.0,233.0
502.0,22896.0,233.0
502.5,22968.0,233.0
503.0,22968.0,233.0
503.5,23076.0,233.0
504.0,23076.0,233.0
504.5,23184.0,233.0
505.0,23184.0,233.0
505.5,23256.0,233.0
506.0,23256.0,233.0
506.5,23364.0,233.0
507.0,23364.0,233.0
507.5,23472.0,233.0
508.0,23472.0,233.0
508.5,,
509.0,,
509.5,23652.0,232.0
510.0,23652.0,232.0
510.5,23760.0,232.0
511.0,23760.0,232.0
511.5,23868.0,232.0
512.0,23868.0,232.0
512.5,23976.0,232.0
513.0,23976.0,232.0
513.5,24084.0,232.0
514.0,24084.0,232.0
514.5,24192.0,232.0
515.0,24192.0,232.0
515.5,24300.0,231.0
516.0,24300.0,231.0
516.5,24408.0,231.0
517.0,24408.0,231.0
517.5,24516.0,231.0
518.0,24516.0,231.0
518.5,24624.0,231.0
519.0,24624.0,231.0
519.5,24732.0,231.0
520.0,24732.0,231.0
520.5,24840.0,230.0
521.0,24840.0,230.0
521.5,24948.0,230.0
522.0,24948.0,230.0
522.5,25056.0,230.0
523.0,25056.0,230.0
523.5,25164.0,230.0
524.0,25164.0,230.0
524.5,25272.0,230.0
525.0,25272.0,230.0
525.5,,
526.0,,
526.5,25416.0,229.0
527.0,25416.0,229.0
527.5,25416.0,229.0
528.0,25416.0,229.0
528.5,25416.0,229.0
529.0,25416.0,229.0
529.5,25416.0,229.0
530.0,25416.0,229.0
530.5,25416.0,228.0
531.0,25416.0,228.0
531.5,25416.0,228.0
532.0,25416.0,228.0
532.5,25452.0,228.0
533.0,25452.0,228.0
533.5,25452.0,228.0
534.0,25452.0,228.0
534.5,25452.0,227.0
535.0,25452.0,227.0
535.5,,
536.0,25452.0,227.0
536.5,25452.0,227.0
537.0,25452.0,227.0
537.5,25452.0,227.0
538.0,25452.0,227.0
538.5,25452.0,227.0
539.0,,
539.5,25452.0,226.0
540.0,25452.0,226.0
540.5,25488.0,226.0
541.0,25488.0,226.0
541.5,25488.0,226.0
542.0,25488.0,226.0
542.5,25488.0,226.0
543.0,25488.0,226.0
543.5,25524.0,225.0
544.0,25524.0,225.0
544.5,25524.0,225.0
545.0,25524.0,225.0
545.5,25524.0,225.0
546.0,25524.0,225.0
546.5,25524.0,225.0
547.0,25524.0,225.0
547.5,25560.0,225.0
548.0,25560.0,225.0
548.5,25560.0,224.0
549.0,25560.0,224.0
549.5,25560.0,224.0
550.0,25560.0,224.0
550.5,25596.0,224.0
551.0,25596.0,224.0
551.5,25596.0,224.0
552.0,25596.0,224.0
552.5,25596.0,223.0
553.0,25596.0,223.0
553.5,25596.0,223.0
554.0,25596.0,223.0
554.5,25632.0,223.0
555.0,25632.0,223.0
555.5,25632.0,223.0
556.0,25632.0,223.0
556.5,25632.0,222.0
557.0,25632.0,222.0
557.5,25632.0,222.0
558.0,25632.0,222.0
558.5,25668.0,222.0
559.0,25668.0,222.0
559.5,25668.0,222.0
560.0,25668.0,222.0
560.5,25668.0,222.0
561.0,25668.0,222.0
561.5,25704.0,221.0
562.0,,
562.5,25704.0,221.0
563.0,25704.0,221.0
563.5,25704.0,221.0
564.0,25704.0,221.0
564.5,25704.0,221.0
565.0,25704.0,221.0
565.5,25740.0,220.0
566.0,25740.0,220.0
566.5,25740.0,220.0
567.0,25740.0,220.0
567.5,25740.0,220.0
568.0,25740.0,220.0
568.5,25740.0,220.0
569.0,25740.0,220.0
569.5,25776.0,219.0
570.0,25776.0,219.0
570.5,25776.0,219.0
571.0,,
571.5,25776.0,219.0
572.0,25776.0,219.0
572.5,25812.0,219.0
573.0,25812.0,219.0
573.5,25812.0,219.0
574.0,25812.0,219.0
574.5,25812.0,218.0
575.0,25812.0,218.0
575.5,25812.0,218.0
576.0,25812.0,218.0
576.5,25848.0,218.0
577.0,25848.0,218.0
577.5,25848.0,218.0
578.0,25848.0,218.0
578.5,25848.0,217.0
579.0,25848.0,217.0
579.5,25848.0,217.0
580.0,25848.0,217.0
580.5,25884.0,217.0
581.0,25884.0,217.0
581.5,25884.0,217.0
582.0,25884.0,217.0
582.5,25884.0,217.0
583.0,25884.0,217.0
583.5,25920.0,216.0
584.0,25920.0,216.0
584.5,25920.0,216.0
585.0,25920.0,216.0
585.5,25920.0,216.0
586.0,25920.0,216.0
586.5,25920.0,216.0
587.0,25920.0,216.0
587.5,25956.0,215.0
588.0,25956.0,215.0
588.5,25956.0,215.0
589.0,25956.0,215.0
589.5,25956.0,215.0
590.0,25956.0,215.0
590.5,25992.0,215.0
591.0,25992.0,215.0
591.5,25992.0,215.0
592.0,25992.0,215.0
592.5,25992.0,214.0
593.0,25992.0,214.0
593.5,25992.0,214.0
594.0,,
594.5,26028.0,214.0
595.0,26028.0,214.0
595.5,26028.0,214.0
596.0,26028.0,214.0
596.5,26028.0,213.0
597.0,26028.0,213.0
597.5,26028.0,213.0
598.0,26028.0,213.0
598.5,26064.0,213.0
599.0,26064.0,213.0
599.5,26064.0,213.0
600.0,,
600.5,26064.0,213.0
601.0,26064.0,213.0
601.5,26100.0,212.0
602.0,26100.0,212.0
602.5,26100.0,212.0
603.0,26100.0,212.0
603.5,26100.0,212.0
604.0,26100.0,212.0
604.5,26100.0,212.0
605.0,26100.0,212.0
605.5,26136.0,211.0
606.0,26136.0,211.0
606.5,26136.0,211.0
607.0,26136.0,211.0
607.5,26136.0,211.0
608.0,26136.0,211.0
608.5,26172.0,211.0
609.0,26172.0,211.0
609.5,26172.0,211.0
610.0,26172.0,211.0
610.5,,
611.0,26172.0,210.0
611.5,26172.0,210.0
612.0,26172.0,210.0
612.5,26208.0,210.0
613.0,26208.0,210.0
613.5,26208.0,210.0
614.0,26208.0,210.0
614.5,26208.0,209.0
615.0,26208.0,209.0
615.5,26244.0,209.0
616.0,26244.0,209.0
616.5,26244.0,209.0
617.0,26244.0,209.0
617.5,26244.0,209.0
618.0,26244.0,209.0
618.5,26244.0,209.0
619.0,26244.0,209.0
619.5,26280.0,208.0
620.0,26280.0,208.0
620.5,26280.0,208.0
621.0,,
621.5,26280.0,208.0
622.0,26280.0,208.0
622.5,26316.0,208.0
623.0,26316.0,208.0
623.5,26316.0,208.0
624.0,26316.0,208.0
624.5,,
625.0,26316.0,207.0
625.5,26316.0,207.0
626.0,26316.0,207.0
626.5,26352.0,207.0
627.0,26352.0,207.0
627.5,26352.0,207.0
628.0,26352.0,207.0
628.5,26352.0,206.0
629.0,26352.0,206.0
629.5,26388.0,206.0
630.0,26388.0,206.0
630.5,26388.0,206.0
631.0,26388.0,206.0
631.5,26388.0,206.0
632.0,26388.0,206.0
632.5,26388.0,206.0
633.0,26388.0,206.0
633.5,,
634.0,26424.0,205.0
634.5,26424.0,205.0
635.0,26424.0,205.0
635.5,26424.0,205.0
636.0,26424.0,205.0
636.5,26460.0,205.0
637.0,26460.0,205.0
637.5,26460.0,205.0
638.0,26460.0,205.0
638.5,26460.0,204.0
639.0,,
639.5,26460.0,204.0
640.0,26460.0,204.0
640.5,26496.0,204.0
641.0,26496.0,204.0
641.5,26496.0,204.0
642.0,26496.0,204.0
642.5,26496.0,204.0
643.0,26496.0,204.0
643.5,26532.0,203.0
644.0,26532.0,203.0
644.5,26532.0,203.0
645.0,26532.0,203.0
645.5,26532.0,203.0
646.0,26532.0,203.0
646.5,26532.0,203.0
647.0,26532.0,203.0
647.5,26568.0,203.0
648.0,,
648.5,26568.0,202.0
649.0,26568.0,202.0
649.5,26568.0,202.0
650.0,26568.0,202.0
650.5,26604.0,202.0
651.0,26604.0,202.0
651.5,26604.0,202.0
652.0,26604.0,202.0
652.5,26604.0,202.0
653.0,26604.0,202.0
653.5,26604.0,201.0
654.0,26604.0,201.0
654.5,26640.0,201.0
655.0,26640.0,201.0
655.5,26640.0,201.0
656.0,26640.0,201.0
656.5,26640.0,201.0
657.0,26640.0,201.0
657.5,26676.0,201.0
658.0,26676.0,201.0
658.5,26676.0,200.0
659.0,26676.0,200.0
659.5,26676.0,200.0
660.0,26676.0,200.0
660.5,26676.0,200.0
661.0,26676.0,200.0
661.5,26712.0,200.0
662.0,26712.0,200.0
662.5,26712.0,200.0
663.0,26712.0,200.0
663.5,26712.0,199.0
664.0,26712.0,199.0
664.5,26748.0,199.0
665.0,26748.0,199.0
665.5,26748.0,199.0
666.0,26748.0,199.0
666.5,26748.0,199.0
667.0,26748.0,199.0
667.5,26748.0,199.0
668.0,26748.0,199.0
668.5,26784.0,198.0
669.0,26784.0,198.0
669.5,26784.0,198.0
670.0,26784.0,198.0
670.5,26784.0,198.0
671.0,26784.0,198.0
671.5,26820.0,198.0
672.0,26820.0,198.0
672.5,26820.0,198.0
673.0,26820.0,198.0
673.5,26820.0,197.0
674.0,26820.0,197.0
674.5,26856.0,197.0
675.0,26856.0,197.0
675.5,26856.0,197.0
676.0,26856.0,197.0
676.5,26856.0,197.0
677.0,26856.0,197.0
677.5,26856.0,197.0
678.0,26856.0,197.0
678.5,26892.0,197.0
679.0,26892.0,197.0
679.5,26892.0,196.0
680.0,26892.0,196.0
680.5,26892.0,196.0
681.0,26892.0,196.0
681.5,26928.0,196.0
682.0,26928.0,196.0
682.5,26928.0,196.0
683.0,26928.0,196.0
683.5,26928.0,196.0
684.0,26928.0,196.0
684.5,26928.0,195.0
685.0,26928.0,195.0
685.5,26964.0,195.0
686.0,26964.0,195.0
686.5,26964.0,195.0
687.0,26964.0,195.0
687.5,26964.0,195.0
688.0,26964.0,195.0
688.5,27000.0,195.0
689.0,27000.0,195.0
689.5,27000.0,195.0
690.0,27000.0,195.0
690.5,27000.0,194.0
691.0,27000.0,194.0
691.5,27000.0,194.0
692.0,27000.0,194.0
692.5,27036.0,194.0
693.0,27036.0,194.0
693.5,27036.0,194.0
694.0,27036.0,194.0
694.5,27036.0,194.0
695.0,27036.0,194.0
695.5,27072.0,194.0
696.0,27072.0,194.0
696.5,27072.0,193.0
697.0,27072.0,193.0
697.5,27072.0,193.0
698.0,27072.0,193.0
698.5,27108.0,193.0
699.0,27108.0,193.0
699.5,27108.0,193.0
700.0,27108.0,193.0
700.5,27108.0,193.0
701.0,27108.0,193.0
701.5,27108.0,193.0
702.0,27108.0,193.0
702.5,27144.0,192.0
703.0,,
703.5,27144.0,192.0
704.0,27144.0,192.0
704.5,,
705.0,27144.0,192.0
705.5,27180.0,192.0
706.0,27180.0,192.0
706.5,27180.0,192.0
707.0,27180.0,192.0
707.5,27180.0,192.0
708.0,27180.0,192.0
708.5,27180.0,191.0
709.0,27180.0,191.0
709.5,27216.0,191.0
710.0,27216.0,191.0
710.5,27216.0,191.0
711.0,27216.0,191.0
711.5,27216.0,191.0
712.0,27216.0,191.0
712.5,27252.0,191.0
713.0,27252.0,191.0
713.5,27252.0,191.0
714.0,27252.0,191.0
714.5,27252.0,190.0
715.0,27252.0,190.0
715.5,27288.0,190.0
716.0,27288.0,190.0
716.5,27288.0,190.0
717.0,27288.0,190.0
717.5,27288.0,190.0
718.0,27288.0,190.0
718.5,27288.0,190.0
719.0,27288.0,190.0
719.5,27324.0,190.0
720.0,27324.0,190.0
720.5,27324.0,189.0
721.0,27324.0,189.0
721.5,27324.0,189.0
722.0,27324.0,189.0
722.5,27360.0,189.0
723.0,27360.0,189.0
723.5,27360.0,189.0
724.0,27360.0,189.0
724.5,27360.0,189.0
725.0,27360.0,189.0
725.5,27360.0,189.0
726.0,27360.0,189.0
726.5,27396.0,189.0
727.0,27396.0,189.0
727.5,27396.0,188.0
728.0,27396.0,188.0
728.5,27396.0,188.0
729.0,27396.0,188.0
729.5,27432.0,188.0
730.0,27432.0,188.0
730.5,27432.0,188.0
731.0,27432.0,188.0
731.5,27432.0,188.0
732.0,27432.0,188.0
732.5,27468.0,188.0
733.0,27468.0,188.0
733.5,27468.0,188.0
734.0,27468.0,188.0
734.5,27468.0,187.0
735.0,27468.0,187.0
735.5,27468.0,187.0
736.0,27468.0,187.0
736.5,27504.0,187.0
737.0,27504.0,187.0
737.5,27504.0,187.0
738.0,27504.0,187.0
738.5,27504.0,187.0
739.0,27504.0,187.0
739.5,27540.0,187.0
740.0,27540.0,187.0
740.5,27540.0,187.0
741.0,27540.0,187.0
741.5,,
742.0,27540.0,186.0
742.5,27576.0,186.0
743.0,27576.0,186.0
743.5,27576.0,186.0
744.0,27576.0,186.0
744.5,27576.0,186.0
745.0,27576.0,186.0
745.5,27576.0,186.0
746.0,27576.0,186.0
746.5,27612.0,186.0
747.0,27612.0,186.0
747.5,,
748.0,27612.0,186.0
748.5,27612.0,186.0
749.0,27612.0,186.0
749.5,27648.0,185.0
750.0,27648.0,185.0
750.5,27648.0,185.0
751.0,27648.0,185.0
751.5,27648.0,185.0
752.0,27648.0,185.0
752.5,27648.0,185.0
753.0,27648.0,185.0
753.5,27684.0,185.0
754.0,27684.0,185.0
754.5,27684.0,185.0
755.0,27684.0,185.0
755.5,27684.0,185.0
756.0,27684.0,185.0
756.5,27720.0,185.0
757.0,27720.0,185.0
757.5,27720.0,185.0
758.0,27720.0,185.0
758.5,27720.0,184.0
759.0,27720.0,184.0
759.5,27756.0,184.0
760.0,27756.0,184.0
760.5,27756.0,184.0
761.0,27756.0,184.0
761.5,27756.0,184.0
762.0,27756.0,184.0
762.5,27756.0,184.0
763.0,27756.0,184.0
763.5,27792.0,184.0
764.0,27792.0,184.0
764.5,27792.0,184.0
765.0,27792.0,184.0
765.5,27792.0,184.0
766.0,27792.0,184.0
766.5,27828.0,184.0
767.0,27828.0,184.0
767.5,27828.0,183.0
768.0,27828.0,183.0
768.5,27828.0,183.0
769.0,27828.0,183.0
769.5,27864.0,183.0
770.0,27864.0,183.0
770.5,27864.0,183.0
771.0,27864.0,183.0
771.5,27864.0,183.0
772.0,27864.0,183.0
772.5,27864.0,183.0
773.0,27864.0,183.0
773.5,27900.0,183.0
774.0,27900.0,183.0
774.5,27900.0,183.0
775.0,27900.0,183.0
775.5,27900.0,183.0
776.0,27900.0,183.0
776.5,27936.0,183.0
777.0,27936.0,183.0
777.5,27936.0,182.0
778.0,27936.0,182.0
778.5,27936.0,182.0
779.0,27936.0,182.0
779.5,27972.0,182.0
780.0,27972.0,182.0
780.5,27972.0,182.0
781.0,27972.0,182.0
781.5,27972.0,182.0
782.0,27972.0,182.0
782.5,,
783.0,27972.0,182.0
783.5,28008.0,182.0
784.0,28008.0,182.0
784.5,28008.0,182.0
785.0,28008.0,182.0
785.5,28008.0,182.0
786.0,28008.0,182.0
786.5,28044.0,182.0
787.0,28044.0,182.0
787.5,28044.0,182.0
788.0,28044.0,182.0
788.5,28044.0,181.0
789.0,28044.0,181.0
789.5,28080.0,181.0
790.0,28080.0,181.0
790.5,28080.0,181.0
791.0,28080.0,181.0
791.5,28080.0,181.0
792.0,28080.0,181.0
792.5,28080.0,181.0
793.0,28080.0,181.0
793.5,28116.0,181.0
794.0,28116.0,181.0
794.5,28116.0,181.0
795.0,28116.0,181.0
795.5,28116.0,181.0
796.0,28116.0,181.0
796.5,28152.0,181.0
797.0,28152.0,181.0
797.5,28152.0,181.0
798.0,28152.0,181.0
798.5,28152.0,181.0
799.0,28152.0,181.0
799.5,28188.0,181.0
800.0,28188.0,181.0
800.5,28188.0,181.0
801.0,28188.0,181.0
801.5,28188.0,181.0
802.0,28188.0,181.0
802.5,28188.0,181.0
803.0,28188.0,181.0
803.5,28224.0,180.0
804.0,28224.0,180.0
804.5,28224.0,180.0
805.0,28224.0,180.0
805.5,28224.0,180.0
806.0,28224.0,180.0
806.5,28260.0,180.0
807.0,28260.0,180.0
807.5,28260.0,180.0
808.0,28260.0,180.0
808.5,28260.0,180.0
809.0,28260.0,180.0
809.5,28296.0,180.0
810.0,28296.0,180.0
810.5,28296.0,180.0
811.0,28296.0,180.0
811.5,28296.0,180.0
812.0,28296.0,180.0
812.5,28296.0,180.0
813.0,,
813.5,28332.0,180.0
814.0,28332.0,180.0
814.5,28332.0,180.0
815.0,28332.0,180.0
815.5,28332.0,180.0
816.0,28332.0,180.0
816.5,28368.0,180.0
817.0,28368.0,180.0
817.5,28368.0,180.0
818.0,28368.0,180.0
818.5,28368.0,180.0
819.0,28368.0,180.0
819.5,28404.0,180.0
820.0,28404.0,180.0
820.5,28404.0,180.0
821.0,28404.0,180.0
821.5,,
822.0,28404.0,180.0
822.5,28404.0,180.0
823.0,28404.0,180.0
823.5,28440.0,180.0
824.0,28440.0,180.0
824.5,28440.0,180.0
825.0,28440.0,180.0
825.5,28440.0,180.0
826.0,28440.0,180.0
826.5,28476.0,179.0
827.0,28476.0,179.0
827.5,28476.0,179.0
828.0,28476.0,179.0
828.5,28476.0,179.0
829.0,28476.0,179.0
829.5,28512.0,179.0
830.0,28512.0,179.0
830.5,28512.0,179.0
831.0,28512.0,179.0
831.5,28512.0,179.0
832.0,28512.0,179.0
832.5,28512.0,179.0
833.0,28512.0,179.0
833.5,28548.0,179.0
834.0,28548.0,179.0
834.5,28548.0,179.0
835.0,28548.0,179.0
835.5,28548.0,179.0
836.0,28548.0,179.0
836.5,28584.0,179.0
837.0,28584.0,179.0
837.5,28584.0,179.0
838.0,28584.0,179.0
838.5,28584.0,179.0
839.0,28584.0,179.0
839.5,28620.0,179.0
840.0,28620.0,179.0
840.5,28620.0,179.0
841.0,28620.0,179.0
841.5,28620.0,179.0
842.0,28620.0,179.0
842.5,28620.0,179.0
843.0,28620.0,179.0
843.5,28656.0,179.0
844.0,28656.0,179.0
844.5,28656.0,179.0
845.0,28656.0,179.0
845.5,28656.0,179.0
846.0,28656.0,179.0
846.5,,
847.0,,
847.5,28692.0,179.0
848.0,,
848.5,,
849.0,28692.0,179.0
849.5,28728.0,179.0
850.0,28728.0,179.0
850.5,,
851.0,28728.0,179.0
851.5,28728.0,179.0
852.0,28728.0,179.0
852.5,28728.0,179.0
853.0,28728.0,179.0
853.5,28764.0,179.0
854.0,28764.0,179.0
854.5,28764.0,179.0
855.0,28764.0,179.0
855.5,,
856.0,28764.0,179.0
856.5,,
857.0,,
857.5,,
858.0,,
858.5,,
859.0,,
859.5,28836.0,180.0
860.0,,
860.5,28836.0,180.0
861.0,28836.0,180.0
861.5,28836.0,180.0
862.0,28836.0,180.0
862.5,28872.0,180.0
863.0,28872.0,180.0
863.5,28872.0,180.0
864.0,28872.0,180.0
864.5,28872.0,180.0
865.0,28872.0,180.0
865.5,28872.0,180.0
866.0,28872.0,180.0
866.5,28908.0,180.0
867.0,28908.0,180.0
867.5,,
868.0,28908.0,180.0
868.5,28908.0,180.0
869.0,28908.0,180.0
869.5,28944.0,180.0
870.0,28944.0,180.0
870.5,28944.0,180.0
871.0,28944.0,180.0
871.5,28944.0,180.0
872.0,28944.0,180.0
872.5,28980.0,180.0
873.0,28980.0,180.0
873.5,28980.0,180.0
874.0,,
874.5,28980.0,180.0
875.0,28980.0,180.0
875.5,28980.0,180.0
876.0,28980.0,180.0
876.5,29016.0,180.0
877.0,29016.0,180.0
877.5,29016.0,180.0
878.0,29016.0,180.0
878.5,29016.0,180.0
879.0,29016.0,180.0
879.5,29052.0,180.0
880.0,29052.0,180.0
880.5,29052.0,181.0
881.0,29052.0,181.0
881.5,29052.0,181.0
882.0,29052.0,181.0
882.5,29088.0,181.0
883.0,29088.0,181.0
883.5,29088.0,181.0
884.0,29088.0,181.0
884.5,29088.0,181.0
885.0,29088.0,181.0
885.5,29088.0,181.0
886.0,29088.0,181.0
886.5,29124.0,181.0
887.0,29124.0,181.0
887.5,29124.0,181.0
888.0,29124.0,181.0
888.5,29124.0,181.0
889.0,29124.0,181.0
889.5,29160.0,181.0
890.0,29160.0,181.0
890.5,29160.0,181.0
891.0,29160.0,181.0
891.5,29160.0,181.0
892.0,29160.0,181.0
892.5,29196.0,181.0
893.0,29196.0,181.0
893.5,29196.0,181.0
894.0,29196.0,181.0
894.5,29196.0,182.0
895.0,29196.0,182.0
895.5,29196.0,182.0
896.0,29196.0,182.0
896.5,29232.0,182.0
897.0,29232.0,182.0
897.5,29232.0,182.0
898.0,29232.0,182.0
898.5,,
899.0,,
899.5,29268.0,182.0
900.0,29268.0,182.0
900.5,29268.0,182.0
901.0,29268.0,182.0
901.5,29268.0,182.0
902.0,29268.0,182.0
902.5,29304.0,182.0
903.0,29304.0,182.0
903.5,29304.0,182.0
904.0,29304.0,182.0
904.5,29304.0,183.0
905.0,29304.0,183.0
905.5,29304.0,183.0
906.0,29304.0,183.0
906.5,29340.0,183.0
907.0,29340.0,183.0
907.5,29340.0,183.0
908.0,29340.0,183.0
908.5,29340.0,183.0
909.0,29340.0,183.0
909.5,29376.0,183.0
910.0,29376.0,183.0
910.5,29376.0,183.0
911.0,29376.0,183.0
911.5,29376.0,183.0
912.0,29376.0,183.0
912.5,29412.0,183.0
913.0,29412.0,183.0
913.5,29412.0,184.0
914.0,29412.0,184.0
914.5,29412.0,184.0
915.0,29412.0,184.0
915.5,29412.0,184.0
916.0,29412.0,184.0
916.5,29448.0,184.0
917.0,29448.0,184.0
917.5,29448.0,184.0
918.0,29448.0,184.0
918.5,29448.0,184.0
919.0,29448.0,184.0
919.5,29484.0,184.0
920.0,29484.0,184.0
920.5,29484.0,185.0
921.0,29484.0,185.0
921.5,29484.0,185.0
922.0,29484.0,185.0
922.5,29520.0,185.0
923.0,,
923.5,29520.0,185.0
924.0,29520.0,185.0
924.5,29520.0,185.0
925.0,29520.0,185.0
925.5,29556.0,185.0
926.0,29556.0,185.0
926.5,29556.0,185.0
927.0,29556.0,185.0
927.5,29556.0,186.0
928.0,29556.0,186.0
928.5,29556.0,186.0
929.0,29592.0,186.0
929.5,29592.0,186.0
930.0,29592.0,186.0
930.5,29592.0,186.0
931.0,29592.0,186.0
931.5,29592.0,186.0
932.0,29628.0,186.0
932.5,29628.0,186.0
933.0,29628.0,182.0
933.5,29628.0,187.0
934.0,29628.0,187.0
934.5,29628.0,187.0
935.0,29628.0,187.0
935.5,29664.0,187.0
936.0,29664.0,187.0
936.5,29664.0,187.0
937.0,29664.0,187.0
937.5,29664.0,187.0
938.0,29664.0,187.0
938.5,29664.0,187.0
939.0,29664.0,187.0
939.5,29700.0,188.0
940.0,29700.0,188.0
940.5,29700.0,188.0
941.0,29700.0,188.0
941.5,29700.0,188.0
942.0,29700.0,188.0
942.5,29736.0,188.0
943.0,29736.0,188.0
943.5,29736.0,188.0
944.0,29736.0,188.0
944.5,29736.0,188.0
945.0,29736.0,188.0
945.5,29772.0,189.0
946.0,29772.0,189.0
946.5,29772.0,189.0
947.0,29772.0,189.0
947.5,29772.0,189.0
948.0,29772.0,189.0
948.5,29772.0,189.0
949.0,29772.0,189.0
949.5,29808.0,189.0
950.0,29808.0,189.0
950.5,29808.0,190.0
951.0,29808.0,190.0
951.5,29808.0,190.0
952.0,29808.0,190.0
952.5,29844.0,190.0
953.0,29844.0,190.0
953.5,29844.0,190.0
954.0,29844.0,190.0
954.5,29844.0,191.0
955.0,29844.0,191.0
955.5,29880.0,191.0
956.0,29880.0,191.0
956.5,29880.0,191.0
957.0,29880.0,191.0
957.5,,
958.0,29880.0,191.0
958.5,29880.0,191.0
959.0,29880.0,192.0
959.5,29916.0,192.0
960.0,29916.0,192.0
960.5,29916.0,192.0
961.0,29916.0,192.0
961.5,29916.0,192.0
962.0,29952.0,192.0
962.5,29952.0,192.0
963.0,29952.0,193.0
963.5,29952.0,193.0
964.0,29952.0,193.0
964.5,29952.0,193.0
965.0,29988.0,193.0
965.5,29988.0,193.0
966.0,29988.0,193.0
966.5,29988.0,193.0
967.0,29988.0,194.0
967.5,29988.0,194.0
968.0,29988.0,194.0
968.5,29988.0,194.0
969.0,30024.0,194.0
969.5,30024.0,194.0
970.0,30024.0,194.0
970.5,30024.0,194.0
971.0,30024.0,195.0
971.5,30024.0,195.0
972.0,30060.0,195.0
972.5,30060.0,195.0
973.0,30060.0,195.0
973.5,,
974.0,30060.0,195.0
974.5,30060.0,195.0
975.0,30096.0,196.0
975.5,30096.0,196.0
976.0,30096.0,196.0
976.5,30096.0,196.0
977.0,30096.0,196.0
977.5,30096.0,196.0
978.0,30096.0,196.0
978.5,30096.0,196.0
979.0,30132.0,197.0
979.5,30132.0,197.0
980.0,,
980.5,,
981.0,30132.0,197.0
981.5,30132.0,197.0
982.0,30168.0,198.0
982.5,30168.0,198.0
983.0,30168.0,198.0
983.5,30168.0,198.0
984.0,30168.0,198.0
984.5,30168.0,198.0
985.0,30204.0,198.0
985.5,30204.0,198.0
986.0,30204.0,199.0
986.5,,
987.0,30204.0,199.0
987.5,30204.0,199.0
988.0,30240.0,199.0
988.5,30240.0,199.0
989.0,30240.0,200.0
989.5,,
990.0,,
990.5,30240.0,200.0
991.0,30240.0,200.0
991.5,30240.0,200.0
992.0,30276.0,201.0
992.5,30276.0,201.0
993.0,30276.0,201.0
993.5,30276.0,201.0
994.0,30276.0,201.0
994.5,30276.0,201.0
995.0,30312.0,202.0
995.5,30312.0,202.0
996.0,30312.0,202.0
996.5,30312.0,202.0
997.0,30312.0,202.0
997.5,30312.0,202.0
998.0,30348.0,203.0
998.5,30348.0,203.0
999.0,30348.0,203.0
999.5,30348.0,203.0
1000.0,30348.0,203.0
1000.5,30348.0,203.0
1001.0,30348.0,204.0
1001.5,30348.0,204.0
1002.0,30384.0,204.0
1002.5,30384.0,204.0
1003.0,30384.0,204.0
1003.5,30384.0,204.0
1004.0,30384.0,205.0
1004.5,30384.0,205.0
1005.0,,
1005.5,,
1006.0,30420.0,205.0
1006.5,30420.0,205.0
1007.0,,
1007.5,,
1008.0,30456.0,206.0
1008.5,30456.0,206.0
1009.0,30456.0,206.0
1009.5,30456.0,206.0
1010.0,30456.0,207.0
1010.5,30456.0,207.0
1011.0,30456.0,207.0
1011.5,30456.0,207.0
1012.0,30492.0,207.0
1012.5,30492.0,207.0
1013.0,30492.0,208.0
1013.5,30492.0,208.0
1014.0,30492.0,208.0
1014.5,30492.0,208.0
1015.0,30528.0,209.0
1015.5,30528.0,209.0
1016.0,30528.0,209.0
1016.5,30528.0,209.0
1017.0,30528.0,209.0
1017.5,30528.0,209.0
1018.0,30564.0,210.0
1018.5,30564.0,210.0
1019.0,30564.0,210.0
1019.5,30564.0,210.0
1020.0,30564.0,211.0
1020.5,30564.0,211.0
1021.0,,
1021.5,30564.0,211.0
1022.0,30600.0,211.0
1022.5,30600.0,211.0
1023.0,30600.0,212.0
1023.5,30600.0,212.0
1024.0,30600.0,212.0
1024.5,30600.0,212.0
1025.0,,
1025.5,30636.0,213.0
1026.0,30636.0,213.0
1026.5,30636.0,213.0
1027.0,,
1027.5,,
1028.0,30672.0,214.0
1028.5,30672.0,214.0
1029.0,30672.0,214.0
1029.5,30672.0,214.0
1030.0,30672.0,215.0
1030.5,30672.0,215.0
1031.0,30672.0,215.0
1031.5,30672.0,215.0
1032.0,30708.0,216.0
1032.5,30708.0,216.0
1033.0,,
1033.5,,
1034.0,30708.0,216.0
1034.5,30708.0,216.0
1035.0,30744.0,217.0
1035.5,30744.0,217.0
1036.0,30744.0,217.0
1036.5,30744.0,217.0
1037.0,30744.0,218.0
1037.5,30744.0,218.0
1038.0,30780.0,218.0
1038.5,30780.0,218.0
1039.0,30780.0,219.0
1039.5,30780.0,219.0
1040.0,30780.0,219.0
1040.5,30780.0,219.0
1041.0,,
1041.5,,
1042.0,30816.0,220.0
1042.5,30816.0,220.0
1043.0,30816.0,220.0
1043.5,30816.0,220.0
1044.0,30816.0,221.0
1044.5,30816.0,221.0
1045.0,30852.0,221.0
1045.5,30852.0,221.0
1046.0,30852.0,222.0
1046.5,,
1047.0,30852.0,222.0
1047.5,30852.0,222.0
1048.0,30888.0,223.0
1048.5,,
1049.0,30888.0,223.0
1049.5,,
1050.0,30888.0,224.0
1050.5,30888.0,224.0
1051.0,30888.0,224.0
1051.5,30888.0,224.0
1052.0,30924.0,225.0
1052.5,30924.0,225.0
1053.0,30924.0,225.0
1053.5,30924.0,225.0
1054.0,30924.0,226.0
1054.5,,
1055.0,30960.0,226.0
1055.5,30960.0,226.0
1056.0,30960.0,227.0
1056.5,,
1057.0,30960.0,227.0
1057.5,30960.0,227.0
1058.0,30960.0,228.0
1058.5,30960.0,228.0
1059.0,30996.0,228.0
1059.5,,
1060.0,30996.0,229.0
1060.5,30996.0,229.0
1061.0,30996.0,230.0
1061.5,30996.0,230.0
1062.0,31032.0,230.0
1062.5,31032.0,230.0
1063.0,31032.0,231.0
1063.5,31032.0,231.0
1064.0,31032.0,231.0
1064.5,31032.0,231.0
1065.0,31068.0,232.0
1065.5,31068.0,232.0
1066.0,31068.0,232.0
1066.5,31068.0,232.0
1067.0,31068.0,233.0
1067.5,31068.0,233.0
1068.0,31068.0,233.0
1068.5,31068.0,233.0
1069.0,31104.0,234.0
1069.5,31104.0,234.0
1070.0,31104.0,234.0
1070.5,,
1071.0,31104.0,235.0
1071.5,31104.0,235.0
1072.0,31140.0,236.0
1072.5,31140.0,236.0
1073.0,31140.0,236.0
1073.5,31140.0,236.0
1074.0,31140.0,237.0
1074.5,31140.0,237.0
1075.0,31176.0,237.0
1075.5,31176.0,237.0
1076.0,31176.0,238.0
1076.5,31176.0,238.0
1077.0,31176.0,239.0
1077.5,31176.0,239.0
1078.0,31176.0,239.0
1078.5,31176.0,239.0
1079.0,31212.0,240.0
1079.5,31212.0,240.0
1080.0,31212.0,240.0
1080.5,31212.0,240.0
1081.0,31212.0,241.0
1081.5,31212.0,241.0
1082.0,31248.0,241.0
1082.5,31248.0,241.0
1083.0,31248.0,242.0
1083.5,31248.0,242.0
1084.0,31248.0,243.0
1084.5,31248.0,243.0
1085.0,31284.0,243.0
1085.5,31284.0,243.0
1086.0,31284.0,244.0
1086.5,31284.0,244.0
1087.0,31284.0,245.0
1087.5,31284.0,245.0
1088.0,31284.0,245.0
1088.5,31284.0,245.0
1089.0,31320.0,246.0
1089.5,31320.0,246.0
1090.0,31320.0,246.0
1090.5,31320.0,246.0
1091.0,31320.0,247.0
1091.5,31320.0,247.0
1092.0,31356.0,248.0
1092.5,31356.0,248.0
1093.0,31356.0,248.0
1093.5,31356.0,248.0
1094.0,,
1094.5,,
1095.0,31356.0,250.0
1095.5,31356.0,250.0
1096.0,31392.0,250.0
1096.5,31392.0,250.0
1097.0,31392.0,251.0
1097.5,31392.0,251.0
1098.0,,
1098.5,,
1099.0,31428.0,252.0
1099.5,31428.0,252.0
1100.0,31428.0,253.0
1100.5,31428.0,253.0
1101.0,31428.0,254.0
1101.5,,
1102.0,,
1102.5,,
1103.0,31464.0,255.0
1103.5,31464.0,255.0
1104.0,,
1104.5,,
1105.0,31464.0,257.0
1105.5,31464.0,257.0
1106.0,31500.0,257.0
1106.5,31500.0,257.0
1107.0,31500.0,258.0
1107.5,31500.0,258.0
1108.0,31500.0,259.0
1108.5,31500.0,259.0
1109.0,31536.0,259.0
1109.5,31536.0,259.0
1110.0,31536.0,260.0
1110.5,31536.0,260.0
1111.0,31536.0,261.0
1111.5,31536.0,261.0
1112.0,31536.0,261.0
1112.5,31536.0,261.0
1113.0,31572.0,262.0
1113.5,31572.0,262.0
1114.0,31572.0,263.0
1114.5,31572.0,263.0
1115.0,31572.0,264.0
1115.5,31572.0,264.0
1116.0,31608.0,264.0
1116.5,31608.0,264.0
1117.0,31608.0,265.0
1117.5,31608.0,265.0
1118.0,,
1118.5,,
1119.0,31644.0,267.0
1119.5,31644.0,267.0
1120.0,31644.0,267.0
1120.5,31644.0,267.0
1121.0,31644.0,268.0
1121.5,31644.0,268.0
1122.0,,
1122.5,,
1123.0,31680.0,270.0
1123.5,31680.0,270.0
1124.0,,
1124.5,,
1125.0,,
1125.5,,
1126.0,31716.0,272.0
1126.5,31716.0,272.0
1127.0,31716.0,273.0
1127.5,31716.0,273.0
1128.0,,
1128.5,,
1129.0,,
1129.5,,
1130.0,31752.0,275.0
1130.5,31752.0,275.0
1131.0,31752.0,276.0
1131.5,31752.0,276.0
1132.0,31752.0,277.0
1132.5,31752.0,277.0
1133.0,31788.0,278.0
1133.5,31788.0,278.0
1134.0,31788.0,278.0
1134.5,31788.0,278.0
1135.0,,
1135.5,,
1136.0,31824.0,280.0
1136.5,31824.0,280.0
1137.0,31824.0,281.0
1137.5,31824.0,281.0
1138.0,31824.0,282.0
1138.5,31824.0,282.0
1139.0,,
1139.5,31824.0,283.0
1140.0,31860.0,283.0
1140.5,31860.0,283.0
1141.0,31860.0,284.0
1141.5,31860.0,284.0
1142.0,,
1142.5,,
1143.0,31896.0,286.0
1143.5,31896.0,286.0
1144.0,,
1144.5,,
1145.0,31896.0,288.0
1145.5,,
1146.0,,
1146.5,,
1147.0,31932.0,289.0
1147.5,31932.0,289.0
1148.0,,
1148.5,,
1149.0,,
1149.5,,
1150.0,31968.0,292.0
1150.5,,
1151.0,,
1151.5,,
1152.0,,
1152.5,,
1153.0,,
1153.5,32004.0,295.0
1154.0,,
1154.5,,
1155.0,32004.0,297.0
1155.5,32004.0,297.0
1156.0,32004.0,297.0
1156.5,32004.0,297.0
1157.0,,
1157.5,,
1158.0,,
1158.5,32040.0,299.0
1159.0,32040.0,300.0
1159.5,32040.0,300.0
1160.0,32076.0,301.0
1160.5,32076.0,301.0
1161.0,,
1161.5,,
1162.0,32076.0,303.0
1162.5,32076.0,303.0
1163.0,,
1163.5,32076.0,304.0
1164.0,32112.0,305.0
1164.5,32112.0,305.0
1165.0,,
1165.5,,
1166.0,,
1166.5,,
1167.0,32148.0,308.0
1167.5,32148.0,308.0
1168.0,32148.0,309.0
1168.5,32148.0,309.0
1169.0,,
1169.5,,
1170.0,,
1170.5,,
1171.0,,
1171.5,,
1172.0,32184.0,313.0
1172.5,32184.0,313.0
1173.0,,
1173.5,,
1174.0,,
1174.5,,
1175.0,,
1175.5,,
1176.0,32220.0,317.0
1176.5,32220.0,317.0
1177.0,32256.0,318.0
1177.5,32256.0,318.0
1178.0,32256.0,319.0
1178.5,32256.0,319.0
1179.0,32256.0,320.0
1179.5,32256.0,320.0
1180.0,32256.0,321.0
1180.5,,
1181.0,32292.0,322.0
1181.5,32292.0,322.0
1182.0,,
1182.5,,
1183.0,32292.0,324.0
1183.5,32292.0,324.0
1184.0,,
1184.5,,
1185.0,,
1185.5,,
1186.0,32328.0,327.0
1186.5,32328.0,327.0
1187.0,,
1187.5,,
1188.0,32364.0,329.0
1188.5,32364.0,329.0
1189.0,,
1189.5,,
1190.0,32364.0,331.0
1190.5,32364.0,331.0
1191.0,,
1191.5,,
1192.0,32400.0,333.0
1192.5,32400.0,333.0
1193.0,,
1193.5,,
1194.0,32400.0,336.0
1194.5,32400.0,336.0
1195.0,,
1195.5,32436.0,337.0
1196.0,,
1196.5,,
1197.0,32436.0,339.0
1197.5,32436.0,339.0
1198.0,32472.0,340.0
1198.5,32472.0,340.0
1199.0,32472.0,341.0
1199.5,32472.0,341.0
1200.0,,
1200.5,,
1201.0,32508.0,343.0
1201.5,32508.0,343.0
1202.0,32508.0,344.0
1202.5,32508.0,344.0
1203.0,32508.0,346.0
1203.5,32508.0,346.0
1204.0,32508.0,347.0
1204.5,32508.0,347.0
1205.0,32544.0,348.0
1205.5,32544.0,348.0
1206.0,32544.0,349.0
1206.5,32544.0,349.0
1207.0,32544.0,350.0
1207.5,32544.0,350.0
1208.0,32580.0,351.0
1208.5,32580.0,351.0
1209.0,32580.0,352.0
1209.5,32580.0,352.0
1210.0,32580.0,354.0
1210.5,32580.0,354.0
1211.0,32580.0,355.0
1211.5,32580.0,355.0
1212.0,32616.0,356.0
1212.5,32616.0,356.0
1213.0,,
1213.5,,
1214.0,32616.0,358.0
1214.5,32616.0,358.0
1215.0,,
1215.5,,
1216.0,,
1216.5,,
1217.0,,
1217.5,,
1218.0,,
1218.5,,
1219.0,32688.0,364.0
1219.5,32688.0,364.0
1220.0,,
1220.5,,
1221.0,,
1221.5,,
1222.0,,
1222.5,,
1223.0,,
1223.5,,
1224.0,,
1224.5,,
1225.0,,
1225.5,,
1226.0,32760.0,373.0
1226.5,32760.0,373.0
1227.0,,
1227.5,,
1228.0,32760.0,376.0
1228.5,32760.0,376.0
1229.0,32796.0,377.0
1229.5,,
1230.0,32796.0,378.0
1230.5,32796.0,378.0
1231.0,,
1231.5,32796.0,6.0
1232.0,,
1232.5,,
1233.0,32832.0,382.0
1233.5,32832.0,382.0
1234.0,,
1234.5,,
1235.0,32832.0,385.0
1235.5,32832.0,385.0
1236.0,,
1236.5,,
1237.0,32868.0,387.0
1237.5,32868.0,387.0
1238.0,32868.0,388.0
1238.5,,
1239.0,32868.0,390.0
1239.5,32868.0,390.0
1240.0,,
1240.5,,
1241.0,32904.0,392.0
1241.5,32904.0,392.0
1242.0,,
1242.5,,
1243.0,,
1243.5,,
1244.0,32940.0,396.0
1244.5,32940.0,396.0
1245.0,32940.0,398.0
1245.5,32940.0,398.0
1246.0,,
1246.5,,
1247.0,,
1247.5,,
1248.0,32976.0,402.0
1248.5,32976.0,402.0
1249.0,32976.0,403.0
1249.5,32976.0,403.0
1250.0,33012.0,405.0
1250.5,33012.0,405.0
1251.0,33012.0,406.0
1251.5,33012.0,406.0
1252.0,33012.0,407.0
1252.5,33012.0,407.0
1253.0,33048.0,409.0
1253.5,33048.0,409.0
1254.0,,
1254.5,33048.0,410.0
1255.0,33048.0,412.0
1255.5,,
1256.0,,
1256.5,,
1257.0,33084.0,414.0
1257.5,33084.0,414.0
1258.0,33084.0,416.0
1258.5,33084.0,416.0
1259.0,33084.0,417.0
1259.5,33084.0,417.0
1260.0,,
1260.5,,
1261.0,33120.0,420.0
1261.5,33120.0,420.0
1262.0,33120.0,422.0
1262.5,33120.0,422.0
1263.0,,
1263.5,,
1264.0,33156.0,425.0
1264.5,33156.0,425.0
1265.0,33156.0,426.0
1265.5,33156.0,426.0
1266.0,33156.0,427.0
1266.5,33156.0,427.0
1267.0,,
1267.5,,
1268.0,33192.0,430.0
1268.5,33192.0,430.0
1269.0,,
1269.5,,
1270.0,,
1270.5,,
1271.0,33228.0,435.0
1271.5,33228.0,435.0
1272.0,33228.0,436.0
1272.5,33228.0,436.0
1273.0,33228.0,438.0
1273.5,33228.0,438.0
1274.0,33264.0,439.0
1274.5,33264.0,439.0
1275.0,33264.0,441.0
1275.5,33264.0,441.0
1276.0,33264.0,443.0
1276.5,33264.0,443.0
1277.0,33264.0,444.0
1277.5,33264.0,444.0
1278.0,,
1278.5,,
1279.0,,
1279.5,,
1280.0,33300.0,449.0
1280.5,33300.0,449.0
1281.0,33336.0,450.0
1281.5,33336.0,450.0
1282.0,33336.0,452.0
1282.5,33336.0,452.0
1283.0,,
1283.5,,
1284.0,33336.0,455.0
1284.5,33336.0,455.0
1285.0,33372.0,456.0
1285.5,33372.0,456.0
1286.0,33372.0,458.0
1286.5,33372.0,458.0
1287.0,,
1287.5,,
1288.0,,
1288.5,,
1289.0,33408.0,463.0
1289.5,33408.0,463.0
1290.0,,
1290.5,,
1291.0,33444.0,466.0
1291.5,33444.0,466.0
1292.0,33444.0,468.0
1292.5,33444.0,468.0
1293.0,33444.0,469.0
1293.5,33444.0,469.0
1294.0,33444.0,471.0
1294.5,33444.0,471.0
1295.0,33480.0,473.0
1295.5,,
1296.0,,
1296.5,33480.0,474.0
1297.0,,
1297.5,,
1298.0,33516.0,478.0
1298.5,33516.0,478.0
1299.0,33516.0,479.0
1299.5,33516.0,479.0
1300.0,33516.0,481.0
1300.5,33516.0,481.0
1301.0,,
1301.5,,
1302.0,33552.0,484.0
1302.5,33552.0,484.0
1303.0,,
1303.5,33552.0,486.0
1304.0,,
1304.5,,
1305.0,33588.0,489.0
1305.5,33588.0,489.0
1306.0,33588.0,491.0
1306.5,33588.0,491.0
1307.0,,
1307.5,,
1308.0,33588.0,494.0
1308.5,33588.0,494.0
1309.0,,
1309.5,,
1310.0,,
1310.5,33624.0,49.0
1311.0,33624.0,500.0
1311.5,33624.0,500.0
1312.0,33660.0,501.0
1312.5,33660.0,501.0
1313.0,33660.0,503.0
1313.5,33660.0,503.0
1314.0,,
1314.5,,
1315.0,33660.0,507.0
1315.5,33660.0,507.0
1316.0,,
1316.5,,
1317.0,33696.0,510.0
1317.5,33696.0,510.0
1318.0,33696.0,512.0
1318.5,33696.0,512.0
1319.0,33732.0,514.0
1319.5,33732.0,514.0
1320.0,33732.0,515.0
1320.5,33732.0,515.0
1321.0,33732.0,517.0
1321.5,33732.0,517.0
1322.0,33768.0,519.0
1322.5,33768.0,519.0
1323.0,33768.0,521.0
1323.5,33768.0,521.0
1324.0,33768.0,523.0
1324.5,33768.0,523.0
1325.0,33768.0,525.0
1325.5,33768.0,525.0
1326.0,33804.0,526.0
1326.5,33804.0,526.0
1327.0,,
1327.5,33804.0,528.0
1328.0,33804.0,530.0
1328.5,33804.0,530.0
1329.0,33840.0,532.0
1329.5,33840.0,532.0
1330.0,,
1330.5,,
1331.0,33840.0,536.0
1331.5,33840.0,536.0
1332.0,,
1332.5,,
1333.0,33876.0,539.0
1333.5,,
1334.0,,
1334.5,,
1335.0,,
1335.5,,
1336.0,,
1336.5,,
1337.0,,
1337.5,,
1338.0,33912.0,549.0
1338.5,,
1339.0,33912.0,551.0
1339.5,33912.0,551.0
1340.0,,
1340.5,,
1341.0,,
1341.5,,
1342.0,33948.0,556.0
1342.5,33948.0,556.0
1343.0,33984.0,558.0
1343.5,33984.0,558.0
1344.0,33984.0,560.0
1344.5,33984.0,560.0
1345.0,33984.0,562.0
1345.5,33984.0,562.0
1346.0,34020.0,564.0
1346.5,34020.0,564.0
1347.0,34020.0,566.0
1347.5,34020.0,566.0
1348.0,34020.0,568.0
1348.5,34020.0,568.0
1349.0,,
1349.5,34020.0,7.0
1350.0,,
1350.5,,
1351.0,34056.0,574.0
1351.5,34056.0,574.0
1352.0,34056.0,576.0
1352.5,34056.0,576.0
1353.0,34092.0,578.0
1353.5,34092.0,578.0
1354.0,,
1354.5,,
1355.0,34092.0,582.0
1355.5,34092.0,582.0
1356.0,34092.0,584.0
1356.5,34092.0,584.0
1357.0,34128.0,586.0
1357.5,34128.0,586.0
1358.0,34128.0,588.0
1358.5,34128.0,588.0
1359.0,,
1359.5,34128.0,590.0
1360.0,34164.0,592.0
1360.5,34164.0,592.0
1361.0,,
1361.5,,
1362.0,34164.0,596.0
1362.5,34164.0,596.0
1363.0,34164.0,598.0
1363.5,34164.0,598.0
1364.0,34200.0,600.0
1364.5,34200.0,600.0
1365.0,34200.0,603.0
1365.5,34200.0,603.0
1366.0,34200.0,605.0
1366.5,34200.0,605.0
1367.0,34236.0,607.0
1367.5,34236.0,607.0
1368.0,34236.0,609.0
1368.5,34236.0,609.0
1369.0,34236.0,611.0
1369.5,34236.0,611.0
1370.0,34272.0,613.0
1370.5,34272.0,613.0
1371.0,34272.0,615.0
1371.5,34272.0,615.0
1372.0,34272.0,617.0
1372.5,34272.0,617.0
1373.0,34272.0,619.0
1373.5,34272.0,619.0
1374.0,34308.0,622.0
1374.5,34308.0,622.0
1375.0,34308.0,624.0
1375.5,34308.0,624.0
1376.0,34308.0,626.0
1376.5,34308.0,626.0
1377.0,34344.0,628.0
1377.5,34344.0,628.0
1378.0,34344.0,630.0
1378.5,34344.0,630.0
1379.0,34344.0,632.0
1379.5,34344.0,632.0
1380.0,34344.0,634.0
1380.5,34344.0,634.0
1381.0,34380.0,637.0
1381.5,34380.0,637.0
1382.0,34380.0,639.0
1382.5,34380.0,639.0
1383.0,,
1383.5,,
1384.0,34416.0,643.0
1384.5,,
1385.0,,
1385.5,,
1386.0,34416.0,648.0
1386.5,34416.0,648.0
1387.0,,
1387.5,,
1388.0,34452.0,652.0
1388.5,34452.0,652.0
1389.0,,
1389.5,,
1390.0,34452.0,657.0
1390.5,34452.0,657.0
1391.0,34488.0,659.0
1391.5,34488.0,659.0
1392.0,34488.0,661.0
1392.5,34488.0,661.0
1393.0,34488.0,663.0
1393.5,34488.0,663.0
1394.0,34524.0,666.0
1394.5,34524.0,666.0
1395.0,34524.0,668.0
1395.5,34524.0,668.0
1396.0,,
1396.5,34524.0,670.0
1397.0,34560.0,672.0
1397.5,34560.0,672.0
1398.0,34560.0,675.0
1398.5,34560.0,675.0
1399.0,34560.0,677.0
1399.5,34560.0,677.0
1400.0,34560.0,679.0
1400.5,34560.0,679.0
1401.0,,
1401.5,,
1402.0,34596.0,684.0
1402.5,34596.0,684.0
1403.0,34596.0,686.0
1403.5,34596.0,686.0
1404.0,34632.0,689.0
1404.5,34632.0,689.0
1405.0,,
1405.5,,
1406.0,,
1406.5,,
1407.0,34668.0,696.0
1407.5,34668.0,696.0
1408.0,,
1408.5,34668.0,698.0
1409.0,,
1409.5,34668.0,701.0
1410.0,34668.0,703.0
1410.5,34668.0,703.0
1411.0,34704.0,705.0
1411.5,34704.0,705.0
1412.0,,
1412.5,,
1413.0,34704.0,710.0
1413.5,34704.0,710.0
1414.0,34740.0,713.0
1414.5,34740.0,713.0
1415.0,34740.0,715.0
1415.5,34740.0,715.0
1416.0,34740.0,717.0
1416.5,34740.0,717.0
1417.0,34776.0,720.0
1417.5,34776.0,720.0
1418.0,34776.0,722.0
1418.5,,
1419.0,34776.0,725.0
1419.5,34776.0,725.0
1420.0,34812.0,727.0
1420.5,34812.0,72.0
1421.0,34812.0,730.0
1421.5,34812.0,730.0
1422.0,34812.0,732.0
1422.5,34812.0,732.0
1423.0,34812.0,735.0
1423.5,34632.0,733.0
1424.0,34848.0,737.0
1424.5,34848.0,730.0
1425.0,34848.0,740.0
1425.5,34848.0,742.0
1426.0,34848.0,742.0
1426.5,34848.0,743.0
1427.0,34884.0,745.0
1427.5,34884.0,745.0
1428.0,34884.0,747.0
1428.5,34884.0,747.0
1429.0,34884.0,750.0
1429.5,34884.0,750.0
1430.0,34920.0,752.0
1430.5,34920.0,752.0
1431.0,34920.0,755.0
1431.5,,
1432.0,,
1432.5,35244.0,750.0
1433.0,34956.0,760.0
1433.5,,
1434.0,34956.0,762.0
1434.5,34956.0,763.0
1435.0,34956.0,765.0
1435.5,,
1436.0,34956.0,767.0
1436.5,34956.0,767.0
1437.0,,
1437.5,,
1438.0,34992.0,773.0
1438.5,34992.0,773.0
1439.0,34992.0,775.0
1439.5,34992.0,775.0
1440.0,35028.0,778.0
1440.5,35028.0,728.0
1441.0,35028.0,780.0
1441.5,35028.0,7380.0
1442.0,35028.0,7383.0
1442.5,,
1443.0,35064.0,7386.0
1443.5,35064.0,7386.0
1444.0,35064.0,788.0
1444.5,35064.0,738.0
1445.0,35064.0,791.0
1445.5,35100.0,791.0
1446.0,35100.0,793.0
1446.5,35100.0,793.0
1447.0,35100.0,796.0
1447.5,35100.0,796.0
1448.0,35100.0,799.0
1448.5,35100.0,799.0
1449.0,,
1449.5,,
1450.0,35136.0,804.0
1450.5,35136.0,804.0
1451.0,,
1451.5,35136.0,810.0
1452.0,,
1452.5,35172.0,812.0
1453.0,35172.0,812.0
1453.5,,
1454.0,,
1454.5,,
1455.0,,
1455.5,,
1456.0,,
1456.5,35208.0,825.0
1457.0,35208.0,823.0
1457.5,,
1458.0,35208.0,826.0
1458.5,35244.0,829.0
1459.0,,
1459.5,,
1460.0,,
1460.5,,
1461.0,,
1461.5,35280.0,837.0
1462.0,35280.0,837.0
1462.5,35280.0,840.0
1463.0,35280.0,840.0
1463.5,35280.0,842.0
1464.0,35280.0,842.0
1464.5,35532.0,845.0
1465.0,35316.0,845.0
1465.5,35316.0,848.0
1466.0,35316.0,848.0
1466.5,35316.0,851.0
1467.0,35316.0,851.0
1467.5,,
1468.0,35316.0,854.0
1468.5,35352.0,856.0
1469.0,35352.0,856.0
1469.5,35352.0,859.0
1470.0,35352.0,859.0
1470.5,35352.0,862.0
1471.0,35352.0,862.0
1471.5,35388.0,865.0
1472.0,35388.0,865.0
1472.5,35388.0,868.0
1473.0,35388.0,868.0
1473.5,35388.0,871.0
1474.0,35388.0,871.0
1474.5,35424.0,873.0
1475.0,35424.0,873.0
1475.5,35424.0,876.0
1476.0,35424.0,876.0
1476.5,35424.0,879.0
1477.0,35424.0,879.0
1477.5,,
1478.0,,
1478.5,35460.0,88.0
1479.0,35460.0,88.0
1479.5,,
1480.0,,
1480.5,35496.0,891.0
1481.0,35496.0,891.0
1481.5,35496.0,894.0
1482.0,35496.0,894.0
1482.5,35496.0,897.0
1483.0,35496.0,897.0
1483.5,,
1484.0,,
1484.5,35532.0,902.0
1485.0,35532.0,902.0
1485.5,,
1486.0,35532.0,905.0
1486.5,35568.0,908.0
1487.0,35568.0,908.0
1487.5,35568.0,11.0
1488.0,35568.0,11.0
1488.5,35568.0,14.0
1489.0,35568.0,14.0
1489.5,35604.0,917.0
1490.0,35604.0,917.0
1490.5,35604.0,920.0
1491.0,35604.0,920.0
1491.5,35604.0,923.0
1492.0,35604.0,923.0
1492.5,35640.0,926.0
1493.0,35640.0,926.0
1493.5,35640.0,929.0
1494.0,35640.0,929.0
1494.5,35640.0,932.0
1495.0,35640.0,932.0
1495.5,35640.0,935.0
1496.0,35640.0,935.0
1496.5,,
1497.0,,
1497.5,35604.0,941.0
1498.0,35604.0,941.0
1498.5,35604.0,944.0
1499.0,35604.0,944.0
1499.5,35604.0,947.0
1500.0,35604.0,947.0
1500.5,35604.0,950.0
1501.0,35604.0,950.0
1501.5,35568.0,953.0
1502.0,35568.0,953.0
1502.5,35568.0,957.0
1503.0,35568.0,957.0
1503.5,,
1504.0,35568.0,960.0
1504.5,35568.0,963.0
1505.0,35568.0,963.0
1505.5,35532.0,266.0
1506.0,35532.0,266.0
1506.5,35532.0,269.0
1507.0,35532.0,969.0
1507.5,35532.0,972.0
1508.0,35532.0,972.0
1508.5,35532.0,975.0
1509.0,35532.0,975.0
1509.5,35532.0,978.0
1510.0,35532.0,978.0
1510.5,35496.0,9381.0
1511.0,35496.0,9381.0
1511.5,35496.0,9384.0
1512.0,35496.0,984.0
1512.5,,
1513.0,35496.0,98.0
1513.5,35496.0,991.0
1514.0,35496.0,991.0
1514.5,35460.0,994.0
1515.0,35460.0,994.0
1515.5,35460.0,997.0
1516.0,35460.0,997.0
1516.5,,
1517.0,,
1517.5,,
1518.0,,
1518.5,,
1519.0,,
1519.5,35424.0,1010.0
1520.0,35424.0,1010.0
1520.5,35424.0,1013.0
1521.0,35424.0,1013.0
1521.5,,
1522.0,,
1522.5,35388.0,1019.0
1523.0,35388.0,1019.0
1523.5,35388.0,1022.0
1524.0,35388.0,1022.0
1524.5,35388.0,1025.0
1525.0,35388.0,1025.0
1525.5,35388.0,1029.0
1526.0,35388.0,1029.0
1526.5,,
1527.0,,
1527.5,35352.0,1035.0
1528.0,35352.0,1035.0
1528.5,,
1529.0,,
1529.5,35352.0,1041.0
1530.0,35352.0,1041.0
1530.5,35352.0,1045.0
1531.0,35352.0,1045.0
1531.5,35316.0,1048.0
1532.0,,
1532.5,35316.0,1051.0
1533.0,,
1533.5,,
1534.0,,
1534.5,,
1535.0,,
1535.5,35280.0,1061.0
1536.0,35280.0,1061.0
1536.5,,
1537.0,,
1537.5,,
1538.0,,
1538.5,35280.0,1071.0
1539.0,35280.0,1071.0
1539.5,35244.0,1074.0
1540.0,35244.0,1074.0
1540.5,35244.0,1077.0
1541.0,35244.0,1077.0
1541.5,35244.0,1081.0
1542.0,35244.0,1081.0
1542.5,,
1543.0,,
1543.5,35208.0,1087.0
1544.0,,
1544.5,35208.0,1091.0
1545.0,35208.0,1091.0
1545.5,35208.0,1094.0
1546.0,35208.0,1094.0
1546.5,35208.0,1097.0
1547.0,35208.0,1097.0
1547.5,35208.0,1100.0
1548.0,35208.0,1100.0
1548.5,35172.0,1104.0
1549.0,35172.0,1104.0
1549.5,35172.0,1107.0
1550.0,35172.0,1107.0
1550.5,35172.0,1110.0
1551.0,35172.0,1110.0
1551.5,35172.0,1114.0
1552.0,35172.0,1114.0
1552.5,35136.0,1117.0
1553.0,35136.0,1117.0
1553.5,35136.0,1121.0
1554.0,35136.0,1121.0
1554.5,,
1555.0,,
1555.5,35136.0,1127.0
1556.0,35136.0,1127.0
1556.5,35100.0,1131.0
1557.0,35100.0,1131.0
1557.5,35100.0,1134.0
1558.0,35100.0,1134.0
1558.5,35100.0,1137.0
1559.0,35100.0,1137.0
1559.5,35100.0,1141.0
1560.0,35100.0,1141.0
1560.5,35064.0,1144.0
1561.0,35064.0,1144.0
1561.5,35064.0,1148.0
1562.0,35064.0,1148.0
1562.5,35064.0,1151.0
1563.0,35064.0,1151.0
1563.5,35064.0,1154.0
1564.0,35064.0,1154.0
1564.5,35028.0,1158.0
1565.0,35028.0,1158.0
1565.5,35028.0,1161.0
1566.0,35028.0,1161.0
1566.5,,
1567.0,35028.0,1165.0
1567.5,,
1568.0,,
1568.5,34992.0,1172.0
1569.0,34992.0,1172.0
1569.5,34992.0,1175.0
1570.0,34992.0,1175.0
1570.5,34992.0,1178.0
1571.0,34992.0,1178.0
1571.5,34992.0,1182.0
1572.0,34992.0,1182.0
1572.5,,
1573.0,34956.0,1185.0
1573.5,34956.0,1189.0
1574.0,34956.0,1189.0
1574.5,34956.0,1192.0
1575.0,34956.0,1192.0
1575.5,34956.0,1196.0
1576.0,34956.0,1196.0
1576.5,34920.0,1199.0
1577.0,34920.0,1199.0
1577.5,,
1578.0,,
1578.5,,
1579.0,,
1579.5,,
1580.0,,
1580.5,,
1581.0,,
1581.5,34884.0,1217.0
1582.0,34884.0,1217.0
1582.5,34884.0,1220.0
1583.0,34884.0,1220.0
1583.5,34884.0,1224.0
1584.0,34884.0,1224.0
1584.5,,
1585.0,,
1585.5,34848.0,1231.0
1586.0,34848.0,1231.0
1586.5,,
1587.0,34848.0,1234.0
1587.5,34848.0,1238.0
1588.0,34848.0,1238.0
1588.5,34812.0,1241.0
1589.0,34812.0,1241.0
1589.5,34812.0,1245.0
1590.0,34812.0,1245.0
1590.5,34812.0,1248.0
1591.0,34812.0,1248.0
1591.5,34812.0,1252.0
1592.0,34812.0,1252.0
1592.5,34776.0,1256.0
1593.0,34776.0,1256.0
1593.5,34776.0,1259.0
1594.0,34776.0,1259.0
1594.5,,
1595.0,,
1595.5,,
1596.0,,
1596.5,34740.0,1270.0
1597.0,34740.0,1270.0
1597.5,34740.0,1273.0
1598.0,34740.0,1273.0
1598.5,34740.0,1277.0
1599.0,34740.0,1277.0
1599.5,,
1600.0,,
1600.5,34704.0,1284.0
1601.0,34704.0,1284.0
1601.5,,
1602.0,,
1602.5,34704.0,1292.0
1603.0,34704.0,1292.0
1603.5,34704.0,1295.0
1604.0,34704.0,1295.0
1604.5,,
1605.0,,
1605.5,,
1606.0,,
1606.5,,
1607.0,,
1607.5,,
1608.0,,
1608.5,,
1609.0,,
1609.5,,
1610.0,,
1610.5,,
1611.0,,
1611.5,,
1612.0,,
1612.5,,
1613.0,,
1613.5,34596.0,1332.0
1614.0,34596.0,1332.0
1614.5,34596.0,1335.0
1615.0,,
1615.5,34596.0,1339.0
1616.0,34596.0,1339.0
1616.5,,
1617.0,,
1617.5,,
1618.0,,
1618.5,34560.0,1350.0
1619.0,34560.0,1350.0
1619.5,,
1620.0,,
1620.5,,
1621.0,,
1621.5,34524.0,1361.0
1622.0,34524.0,1361.0
1622.5,34524.0,1365.0
1623.0,34524.0,1365.0
1623.5,34524.0,1369.0
1624.0,34524.0,1369.0
1624.5,34488.0,1372.0
1625.0,,
