t,v,h,a
0.033,,,
0.533,1.0,6.1,
,,,
1.533,8.0,6.1,
2.033,14.0,6.1,
2.533,18.0,6.1,
3.033,24.0,6.1,
3.533,28.0,6.1,
4.033,34.0,6.1,
4.533,36.0,6.2,
5.033,42.0,6.2,0.21236833163438662
5.533,48.0,6.2,0.2463472646958885
6.033,51.0,6.2,0.2633367312266394
6.533,57.0,6.2,0.2774946200022652
7.033,61.0,6.2,0.2661683089817646
7.533,66.0,6.2,0.2718314644920149
8.033,71.0,6.2,0.26616830898176463
8.533,76.0,6.2,0.27183146449201495
9.033,82.0,6.2,0.27183146449201495
,,,
,,,
10.533,97.0,6.3,0.2888209310227659
11.033,103.0,6.3,0.2888209310227659
11.533,109.0,6.3,0.2888209310227659
12.033,114.0,6.3,0.30014724204326654
12.533,119.0,6.3,0.2944840865330162
13.033,125.0,6.3,0.30581039755351686
13.533,131.0,6.4,0.3114735530637671
14.033,137.0,6.4,0.31713670857401743
14.533,143.0,6.4,0.3227998640842677
15.033,149.0,6.4,0.3227998640842677
15.533,155.0,6.4,0.328463019594518
16.033,162.0,6.5,0.3341261751047682
16.533,167.0,6.5,0.3284630195945179
,,,
17.533,188.0,6.5,0.3596103749008946
18.033,187.0,6.6,0.32563144183939274
18.533,193.0,6.6,0.32563144183939274
19.033,199.0,6.6,0.32563144183939274
19.533,205.0,6.6,0.32563144183939274
20.033,213.0,6.7,0.3369577528598934
20.533,218.0,6.7,0.33129459734964306
21.033,226.0,6.7,0.3426209083701437
21.533,233.0,6.8,0.3426209083701438
22.033,248.0,6.8,0.3992524634726469
22.533,247.0,6.8,0.33412617510476833
23.033,254.0,6.9,0.3794314191867708
23.533,261.0,6.9,0.38509457469702113
24.033,269.0,6.9,0.39642088571752176
,,,
25.033,283.0,1.8,0.4020840412277721
25.533,298.0,1.8,0.44172612979952425
26.033,298.0,1.1,0.4134103522482727
26.533,305.0,1.1,0.4077471967380224
,,,
,,,
28.033,338.0,1.3,0.43039981877902367
,,,
29.033,345.0,1.4,0.3652735304111451
,,,
30.033,361.0,1.5,0.4162419300033979
30.533,369.0,1.5,0.4219050855136482
,,,
31.533,386.0,1.6,0.43039981877902367
32.033,396.0,1.7,0.44172612979952425
32.533,404.0,1.7,0.44738928530977456
33.033,414.0,1.8,0.41907350775852303
33.533,421.0,1.8,0.4587155963302752
34.033,432.0,1.9,0.4813682183712764
34.533,439.0,2.8,0.4587155963302752
35.033,449.0,2.8,0.4955261071469022
35.533,458.0,2.1,0.5011892626571525
36.033,467.0,2.1,0.5068524181674028
36.533,477.0,2.2,0.5153471514327783
37.033,487.0,2.3,0.5153471514327783
37.533,496.0,2.3,0.5210103069430286
,,,
38.533,516.0,2.5,0.5210103069430286
39.033,527.0,2.6,0.5436629289840298
39.533,536.0,2.6,0.5323366179635293
40.033,548.0,2.7,0.5606523955147807
40.533,557.0,2.8,0.5549892400045304
41.033,567.0,2.9,0.5606523955147807
41.533,578.0,2.9,0.5719787065352814
42.033,598.0,3.8,0.6286102616377846
42.533,601.0,3.1,0.5889681730660323
43.033,612.0,3.2,0.600294484086533
43.533,623.0,3.3,0.6059576395967833
44.033,634.0,3.4,0.6059576395967833
44.533,644.0,3.4,0.6116207951070336
45.033,657.0,3.5,0.6172839506172839
45.533,668.0,3.6,0.6286102616377846
46.033,688.0,3.7,0.6852418167402876
46.533,691.0,3.8,0.6399365726582852
47.033,703.0,3.9,0.5946313285762826
47.533,716.0,4.8,0.6512628836787858
48.033,727.0,4.1,0.6512628836787858
48.533,748.0,4.2,0.7078944387812889
49.033,752.0,4.3,0.6682523502095367
49.533,765.0,4.4,0.6852418167402876
50.033,779.0,4.5,0.6909049722505379
50.533,798.0,4.6,0.7362102163325405
51.033,885.0,4.7,1.1156416355193113
51.533,817.0,4.8,0.7135575942915392
52.033,832.0,5.8,0.7305470608222902
,,,
53.033,859.0,5.2,0.7333786385774153
53.533,871.0,5.3,0.7390417940876656
54.033,885.0,5.4,0.6993997055159135
,,,
55.033,913.0,5.6,0.7560312606184165
55.533,928.0,5.8,0.7673575716389172
56.033,943.0,5.9,0.7730207271491675
,,,
57.033,972.0,6.1,0.7475365273530411
,,,
58.033,1004.0,6.4,0.34545248612526896
58.533,1017.0,6.5,0.8041680824555442
59.033,1033.0,6.7,0.8098312379657945
59.533,1048.0,6.8,0.8183259712311699
60.033,1064.0,6.9,0.8409785932721712
60.533,1079.0,7.1,0.8466417487824215
61.033,1095.0,7.2,0.8579680598029221
61.533,1111.0,7.4,0.8636312153131724
62.033,1126.0,7.5,0.8636312153131724
62.533,1142.0,7.7,0.872125948578548
63.033,1158.0,7.8,0.872125948578548
63.533,1174.0,8.8,0.8891154151092988
64.033,1189.0,8.1,0.8834522595990485
64.533,1205.0,8.3,0.8891154151092988
65.033,1221.0,8.4,0.8891154151092988
65.533,1236.0,8.6,0.8891154151092988
66.033,1253.0,8.7,0.8947785706195491
66.533,1269.0,8.9,0.8947785706195491
67.033,1285.0,9.8,0.9004417261297994
67.533,1301.0,9.2,0.9004417261297994
68.033,1328.0,9.4,0.9627364367425528
68.533,1336.0,9.5,0.9174311926605504
69.033,1355.0,9.7,0.9400838147015517
69.533,1373.0,9.9,0.9514101257220523
70.033,1391.0,10.8,0.9627364367425529
70.533,1408.0,10.2,0.9740627477630535
71.033,1427.0,10.4,0.9853890587835541
71.533,1447.0,10.6,1.0080416808245554
72.033,1466.0,10.7,1.0250311473553062
72.533,1485.0,10.9,1.0420206138860573
,,,
73.533,1518.0,11.2,0.982557481028429
74.033,1542.0,11.4,1.073167969192434
74.533,1562.0,11.6,1.0788311247026843
75.033,1585.0,11.8,1.1071469022539357
75.533,1604.0,12.8,1.1128100577641862
76.033,1628.0,12.2,1.1524521463359383
76.533,1647.0,12.4,1.1524521463359383
77.033,1667.0,12.6,1.1524521463359383
77.533,1698.0,12.8,1.220410012458942
78.033,1712.0,13.8,1.1920942349076904
78.533,1734.0,13.2,1.2232415902140672
79.033,1768.0,13.4,1.2798731453165704
79.533,1788.0,13.6,1.2798731453165704
,,,
80.533,1826.0,14.8,1.257220523275569
81.033,1853.0,14.2,1.3025257673575714
81.533,1874.0,14.4,1.2855363008268206
,,,
82.533,1923.0,14.8,1.3166836561331974
83.033,1958.0,15.1,1.401630988786952
83.533,1973.0,15.3,1.311020500622947
,,,
84.533,2023.0,15.7,1.3733152112357003
,,,
85.533,2076.0,16.2,1.398799411031827
86.033,2105.0,16.4,1.3704836334805752
86.533,2127.0,16.6,1.3818099445010759
87.033,2158.0,16.9,1.4497678106240797
87.533,2183.0,17.1,1.438441499603579
88.033,2213.0,17.4,1.4894098991958318
88.533,2237.0,17.6,1.4865783214407067
89.033,2269.0,17.9,1.4695888549099556
89.533,2297.0,18.1,1.5432098765432098
90.033,2327.0,18.4,1.5715256540944613
90.533,2356.0,18.6,1.585683542870087
91.033,2385.0,18.9,1.585683542870087
91.533,2414.0,19.1,1.6253256314418394
92.033,2444.0,19.4,1.619662475931589
92.533,2471.0,19.6,1.6309887869520896
93.033,2506.0,19.9,1.659304564503341
93.533,2532.0,20.2,1.6706308755238417
94.033,2567.0,20.5,1.6876203420545928
94.533,2594.0,20.7,1.6819571865443423
95.033,2638.0,21.8,1.7612413636878468
95.533,2663.0,21.3,1.7385887416468455
96.033,2695.0,21.6,1.7555782081775964
96.533,2727.0,21.9,1.7725676747083474
97.033,2761.0,22.1,1.7952202967493487
97.533,2791.0,22.4,1.8122097632800995
98.033,2829.0,22.7,1.8291992298108506
98.533,2858.0,23.8,1.8461886963416014
99.033,2896.0,23.3,1.8631781628723525
99.533,2926.0,23.6,1.8801676294031033
100.033,2967.0,23.9,1.8631781628723525
100.533,2997.0,24.2,1.891493940423604
101.033,3036.0,24.5,1.931136028995356
101.533,3069.0,24.8,1.9367991845056065
102.033,3106.0,25.1,1.9537886510363573
102.533,3139.0,25.4,1.9707781175671082
103.033,3182.0,25.8,1.9990938951183599
103.533,3214.0,26.1,2.0160833616491107
104.033,3256.0,26.4,2.038735983690112
104.533,3293.0,26.7,2.0783780722618643
105.033,3331.0,27.1,2.0613886057311133
105.533,3371.0,27.4,2.118020160833616
106.033,3409.0,27.7,2.112357005323366
106.533,3447.0,28.1,2.1406727828746175
107.033,3486.0,28.4,2.1519990938951183
107.533,3528.0,28.8,2.202967493487371
108.033,3566.0,29.1,2.1746517159361196
108.533,3607.0,29.4,2.2256201155283724
109.033,3653.0,29.8,2.2482727375693736
109.533,3698.0,30.2,2.293577981651376
110.033,3735.0,30.6,2.2879148261411255
110.533,3773.0,30.9,2.276588515120625
111.033,3817.0,31.3,2.310567448182127
111.533,3859.0,31.6,2.333220070223128
112.033,3903.0,32.8,2.3615358477743795
112.533,3947.0,32.4,2.3728621587948804
113.033,3989.0,32.7,2.3955147808358817
,,,
,,,
114.533,4123.0,33.9,2.416279684373466
115.033,4169.0,34.3,2.416279684373466
115.533,4213.0,34.7,2.4106165288632155
116.033,4261.0,35.1,2.472911239475969
,,,
117.033,4352.0,35.9,2.5153849058028466
117.533,4399.0,36.3,2.5323743723335976
118.033,4444.0,36.7,2.5493638388643483
118.533,4491.0,37.1,2.5663533053950993
119.033,4541.0,37.5,2.600332238456601
119.533,4589.0,37.9,2.634311171518103
120.033,4636.0,38.3,2.6475252010420203
120.533,4683.0,38.8,2.6531883565522705
121.033,4733.0,39.2,2.6871672896137726
121.533,4781.0,39.6,2.6871672896137726
122.033,4832.0,40.1,2.718314644920149
122.533,4881.0,40.5,2.72964095594065
,,,
123.533,4981.0,41.4,2.7579567334919015
124.033,5031.0,41.8,2.7749462000226526
124.533,5084.0,42.3,2.791935666553403
125.033,5135.0,42.7,2.8089251330841543
125.533,5181.0,43.2,2.803261977573904
126.033,5239.0,43.7,2.865556688186657
126.533,5282.0,44.1,2.8259145996149053
127.033,5343.0,44.6,2.8995356212481593
127.533,5389.0,45.8,2.871219843696908
128.033,5447.0,45.5,2.92218824328917
128.533,5508.0,46.8,2.984482953901923
129.033,5549.0,46.5,2.9335145543096703
129.533,5602.0,46.9,2.9335145543096703
130.033,5663.0,47.5,2.9901461094121737
,,,
131.033,5761.0,48.4,3.0071355759429244
131.533,5813.0,48.9,2.9731566428814227
,,,
,,,
,,,
,,,
,,,
134.533,6132.0,52.8,3.030732057235634
,,,
135.533,6237.0,53.8,2.9825952353985064
136.033,6291.0,53.5,3.027900479480509
136.533,6345.0,54.1,3.0052478574394983
137.033,6399.0,54.6,2.9656057688677464
137.533,6451.0,55.1,3.0279004794804996
138.033,6504.0,55.7,3.0279004794804996
138.533,6556.0,56.2,2.976932079888247
139.033,6608.0,56.7,2.993921546418998
139.533,6662.0,57.3,3.0052478574394983
140.033,6715.0,57.8,3.00430399818779
140.533,6766.0,58.4,2.9958092649224146
141.033,6824.0,59.8,3.018461886963416
141.533,6878.0,59.5,3.018461886963416
142.033,6932.0,60.1,3.018461886963416
142.533,6985.0,60.7,3.024125042473666
143.033,7039.0,61.2,3.0297881979839163
143.533,7091.0,61.8,3.0297881979839163
144.033,7146.0,62.4,3.0467776645146674
144.533,7192.0,62.9,3.001472420432665
145.033,7254.0,63.5,3.0524408200249176
145.533,7308.0,64.8,3.0694302865556686
146.033,7359.0,64.7,3.0297881979839163
146.533,7407.0,65.2,2.9958092649224146
147.033,7478.0,65.9,3.09208290859667
147.533,7525.0,66.5,3.0581039755351678
148.033,7571.0,67.8,3.0127987314531657
148.533,7569.0,67.6,2.7069883338996488
149.033,7561.0,68.2,2.350209536753879
149.533,7551.0,68.8,2.033072828179862
150.033,7541.0,69.4,1.6253256314418392
150.533,7532.0,70.8,1.2685468342960697
151.033,7522.0,70.6,0.9230943481708007
151.533,7515.0,71.1,0.6116207951070336
152.033,7504.0,71.8,0.1472420432665081
,,,
153.033,7485.0,72.9,-0.17272624306263445
153.533,7477.0,73.4,-0.47853664061615125
154.033,7466.0,74.8,-0.529505040208404
154.533,7458.0,74.6,-0.529505040208404
155.033,7458.0,75.2,-0.472873485105901
155.533,7461.0,75.7,-0.3992524634726469
156.033,7466.0,76.4,-0.3199682863291426
156.533,7469.0,76.9,-0.24634726469588855
,,,
157.533,7477.0,78.8,-0.18405255408313512
158.033,7481.0,78.6,-0.09910522142938046
158.533,7485.0,79.1,-0.02265262204100125
159.033,7489.0,79.7,0.04530524408200248
,,,
160.033,7497.0,86.8,0.13025257673575716
,,,
161.033,7505.0,81.9,0.19821044285876088
161.533,7589.0,82.4,0.673915505719787
162.033,7514.0,83.8,0.2321893759202627
162.533,7517.0,83.5,0.22086306489976207
163.033,7522.0,84.1,0.2321893759202627
163.533,7526.0,84.7,0.2321893759202627
164.033,7538.0,85.2,0.27749462000226516
164.533,7534.0,85.7,0.2321893759202627
165.033,7539.0,86.3,0.237852531430513
165.533,7543.0,86.8,0.237852531430513
166.033,7548.0,87.4,0.2435156869407633
166.533,7552.0,87.9,-0.20953675387926157
167.033,7557.0,88.5,0.24351568694076337
167.533,7561.0,89.8,0.24917884245101368
168.033,7566.0,89.5,0.24917884245101368
,,,
169.033,7575.0,90.6,0.25201042020613884
169.533,7579.0,91.1,0.20670517612413636
170.033,7585.0,91.7,0.2633367312266395
170.533,7589.0,92.2,0.25767357571638916
171.033,7594.0,92.8,0.2633367312266395
171.533,7599.0,93.3,0.2633367312266395
172.033,7603.0,93.8,0.2633367312266395
172.533,7608.0,94.3,0.2633367312266395
173.033,7613.0,94.9,0.26899988673688974
173.533,7618.0,95.4,0.26899988673688974
174.033,7623.0,96.8,0.2718314644920149
174.533,7628.0,96.5,0.2774946200022652
175.033,7633.0,97.8,0.2718314644920149
175.533,7638.0,97.5,0.2774946200022652
176.033,7644.0,98.1,0.28315777551251553
176.533,7648.0,98.5,0.2774946200022652
177.033,7653.0,99.8,0.28315777551251553
177.533,7659.0,99.5,0.28882093102276585
,,,
178.533,7669.0,108.6,0.28882093102276585
,,,
179.533,7688.0,101.6,0.3143051308188923
180.033,7686.0,102.2,0.27466304224714005
180.533,7691.0,102.6,0.27466304224714005
,,,
181.533,7702.0,103.6,0.2774946200022652
182.033,7708.0,104.2,0.28315777551251553
182.533,7713.0,104.7,0.2774946200022652
183.033,7719.0,105.2,0.28882093102276585
183.533,7724.0,105.7,0.28882093102276585
184.033,7729.0,106.2,0.28315777551251553
184.533,7735.0,106.6,0.28882093102276585
185.033,7742.0,107.2,0.27466304224714005
185.533,7747.0,107.7,0.3143051308188922
186.033,7753.0,108.2,0.31996828632914254
186.533,7759.0,108.7,0.3227998640842677
187.033,7765.0,109.2,0.3227998640842677
187.533,7771.0,109.7,0.328463019594518
,,,
188.533,7783.0,110.7,0.328463019594518
189.033,7789.0,111.1,0.33412617510476833
189.533,7795.0,111.6,0.33978933061501865
190.033,7882.0,112.1,0.7985049269452938
190.533,7808.0,112.6,0.3397893306150187
,,,
191.533,7821.0,113.6,0.3482840638803942
192.033,7828.0,114.1,0.3539472193906445
192.533,7834.0,114.6,0.3539472193906445
193.033,7848.0,115.8,0.399252463472647
193.533,7847.0,115.5,0.3596103749008948
194.033,7854.0,116.8,0.36527353041114513
194.533,7861.0,116.5,0.37093668592139545
195.033,7867.0,116.9,0.37093668592139545
195.533,7874.0,117.4,-0.08211575489862949
196.033,7888.0,117.9,0.4162419300033979
196.533,7887.0,118.4,0.3737682636765205
197.033,7893.0,118.8,0.36810510816627023
197.533,7908.0,119.3,0.41907350775852303
198.033,7987.0,119.8,0.7871786159247932
198.533,7914.0,120.3,0.3794314191867708
199.033,7921.0,120.7,0.3794314191867708
199.533,7927.0,121.2,0.3737682636765205
200.033,7934.0,121.6,0.3794314191867708
200.533,7942.0,122.1,0.38509457469702113
201.033,7949.0,122.6,0.34545248612526896
201.533,7955.0,123.8,0.38509457469702113
202.033,7962.0,123.5,0.39075773020727145
202.533,7969.0,123.9,0.34545248612526896
203.033,7976.0,124.4,-0.06229471061275342
203.533,7984.0,124.9,0.39642088571752176
204.033,7991.0,125.3,0.39642088571752176
204.533,7999.0,125.8,0.4077471967380224
205.033,8006.0,126.3,0.4077471967380224
205.533,8014.0,126.7,0.4077471967380224
,,,
206.533,8027.0,127.6,0.40491561898289724
,,,
207.533,8042.0,128.5,0.4134103522482727
208.033,8058.0,129.8,0.4643787518405255
208.533,8058.0,129.4,0.42473666326877335
209.033,8066.0,129.9,0.43039981877902367
,,,
210.033,8081.0,138.8,0.4275682410238985
,,,
,,,
211.533,8104.0,132.1,0.43134367803073204
212.033,8111.0,132.5,0.4256805225204817
212.533,8119.0,133.8,0.43134367803073204
213.033,8128.0,133.4,0.43700683354098235
213.533,8136.0,133.9,0.44550156680635783
214.033,8143.0,134.3,0.44266998905123267
214.533,8151.0,134.7,0.39736474496923013
215.033,8159.0,135.2,0.44266998905123267
215.533,8167.0,135.6,0.44266998905123267
216.033,8175.0,136.8,0.4455015668063578
216.533,8183.0,136.4,0.44738928530977456
217.033,8191.0,136.9,0.4530524408200249
217.533,8199.0,137.3,0.4530524408200249
218.033,8208.0,137.7,0.4530524408200249
218.533,8216.0,138.2,0.4530524408200249
219.033,8224.0,138.6,0.4587155963302752
219.533,8233.0,139.8,0.4643787518405255
220.033,8241.0,139.4,0.4643787518405255
220.533,8249.0,139.9,0.4643787518405255
,,,
221.533,8266.0,140.7,0.4672103295956507
222.033,8274.0,141.1,0.4672103295956507
222.533,8282.0,141.5,0.4672103295956507
223.033,8291.0,142.8,0.472873485105901
,,,
224.033,8308.0,142.8,0.47004190735077583
224.533,8317.0,143.2,0.47570506286102615
225.033,8325.0,143.6,0.47570506286102615
225.533,8334.0,144.8,0.47570506286102615
226.033,8344.0,144.5,0.48703137388152673
226.533,8351.0,144.8,0.4813682183712764
227.033,8368.0,145.2,0.529505040208404
227.533,8369.0,145.6,0.4898629516366519
228.033,8377.0,146.8,0.4898629516366519
228.533,8386.0,146.5,0.4898629516366519
229.033,8396.0,146.9,0.49835768490202736
229.533,8403.0,147.2,0.48703137388152673
230.033,8413.0,147.7,0.49835768490202736
230.533,8421.0,148.8,0.49269452939177705
231.033,8431.0,148.5,0.49269452939177705
231.533,8448.0,148.9,0.5493260844942802
232.033,8449.0,149.3,0.4587155963302752
232.533,8459.0,149.7,0.509683995922528
,,,
233.533,8477.0,158.5,0.5153471514327783
234.033,8487.0,158.9,0.5210103069430286
,,,
235.033,8504.0,151.6,0.5125155736776531
,,,
236.033,8524.0,152.4,0.529505040208404
,,,
237.033,8542.0,153.2,0.5238418846981537
237.533,8551.0,153.6,0.529505040208404
238.033,8561.0,154.8,0.529505040208404
238.533,8578.0,154.4,0.529505040208404
,,,
,,,
,,,
240.533,8689.0,155.9,0.6809944501075998
241.033,8618.0,156.2,0.22227885377732468
241.533,8627.0,156.6,0.22227885377732468
242.033,8639.0,157.1,0.2336051647978253
242.533,8647.0,157.4,0.23077358704270015
243.033,8657.0,157.8,0.23077358704270015
243.533,8667.0,158.1,0.23643674255295047
244.033,8677.0,158.5,0.24209989806320076
244.533,8686.0,158.9,0.23643674255295047
245.033,8696.0,159.3,0.19679465398119828
245.533,8706.0,159.6,0.09627364367425524
,,,
246.533,8726.0,168.4,0.5549892400045304
,,,
247.533,8747.0,161.1,0.563483973269906
248.033,8757.0,161.5,0.5521576622494053
248.533,8766.0,161.8,0.5578208177596556
249.033,8777.0,162.2,0.563483973269906
249.533,8787.0,162.5,0.563483973269906
250.033,8797.0,162.9,0.563483973269906
250.533,8808.0,163.3,0.5748102842904066
251.033,8818.0,163.6,0.5748102842904066
251.533,8828.0,164.8,0.5748102842904066
252.033,8839.0,164.4,0.5804734398006569
252.533,8849.0,164.7,0.5776418620455317
253.033,8859.0,165.8,0.5776418620455317
253.533,8878.0,165.4,0.6342734171480349
,,,
254.533,8891.0,166.1,0.6087892173519084
255.033,8901.0,166.5,0.6087892173519084
255.533,8912.0,166.8,0.6144523728621587
256.033,8922.0,167.2,0.6087892173519052
256.533,8932.0,167.5,0.6087892173519052
257.033,8943.0,167.8,0.6144523728621555
257.533,8954.0,168.2,0.6144523728621555
258.033,8965.0,168.5,0.6201155283724058
258.533,8975.0,168.9,0.6201155283724058
259.033,8986.0,169.2,0.5748102842904034
259.533,8997.0,169.6,0.6002944840865297
,,,
,,,
261.033,9038.0,178.6,0.6210593876241142
261.533,9048.0,178.9,0.615396232113864
,,,
262.533,9062.0,171.6,0.5984067655831162
263.033,9074.0,171.9,0.6097330766036169
263.533,9084.0,172.2,0.6040699210933665
264.033,9097.0,172.6,0.6153962321138671
264.533,9108.0,172.9,0.6153962321138671
265.033,9118.0,173.2,0.6153962321138671
265.533,9129.0,173.6,0.6153962321138671
266.033,9148.0,173.9,0.6607014761958696
266.533,9151.0,174.2,0.600294484086533
267.033,9164.0,174.6,0.6172839506172839
267.533,9174.0,174.9,0.6342734171480349
268.033,9185.0,175.2,0.6286102616377846
268.533,9197.0,175.5,0.6399365726582852
269.033,9208.0,175.9,0.6286102616377846
269.533,9228.0,176.2,0.6795786612300373
270.033,9231.0,176.5,0.6399365726582852
270.533,9243.0,176.8,0.6455997281685355
271.033,9254.0,177.1,0.600294484086533
271.533,9266.0,177.5,0.6512628836787857
272.033,9278.0,177.8,0.6455997281685354
272.533,9288.0,178.1,0.6455997281685354
273.033,9302.0,178.4,0.6625891946992863
273.533,9312.0,178.7,0.6512628836787857
274.033,9325.0,179.1,0.6625891946992863
274.533,9335.0,179.3,0.6059576395967833
275.033,9349.0,179.7,0.6682523502095367
275.533,9359.0,179.9,0.656926039189036
,,,
276.533,9383.0,188.6,0.6625891946992863
277.033,9396.0,188.9,0.6682523502095367
,,,
278.033,9428.0,181.5,0.6909049722505379
278.533,9438.0,181.8,0.6909049722505379
279.033,9444.0,182.1,0.6455997281685354
279.533,9455.0,182.4,0.6512628836787857
280.033,9468.0,182.7,0.6512628836787857
280.533,9479.0,183.8,0.656926039189036
281.033,9492.0,183.3,0.6512628836787858
281.533,9503.0,183.6,0.6569260391890361
282.033,9515.0,183.9,0.6569260391890361
282.533,9528.0,184.2,0.6569260391890361
283.033,9539.0,184.5,0.6286102616377846
283.533,9552.0,184.8,0.6455997281685355
284.033,9566.0,185.1,0.6909049722505379
284.533,9576.0,185.4,0.6852418167402876
285.033,9598.0,185.7,0.7362102163325405
285.533,9602.0,186.8,0.6965681277607882
286.033,9614.0,186.2,0.6909049722505379
286.533,9627.0,186.5,0.7022312832710386
287.033,9639.0,186.8,0.7022312832710386
287.533,9652.0,187.1,0.7022312832710386
288.033,9664.0,187.4,0.7078944387812889
288.533,9676.0,187.7,0.7022312832710386
289.033,9698.0,188.8,0.7475365273530411
289.533,9781.0,188.2,1.1609468796013138
290.033,9716.0,188.5,0.6682523502095368
290.533,9727.0,188.8,0.7078944387812889
291.033,9741.0,189.1,0.7192207498017895
291.533,9753.0,189.3,0.7135575942915392
292.033,9766.0,189.6,0.7192207498017895
292.533,9788.0,189.9,0.7701891493940424
,,,
293.533,9804.0,198.4,0.7475365273530411
294.033,9817.0,198.7,0.7531996828632914
,,,
295.033,9845.0,191.3,0.7078944387812889
295.533,9857.0,191.6,0.3058103975535168
296.033,9878.0,191.8,0.7928417714350435
296.533,9882.0,192.1,0.7531996828632914
297.033,9897.0,192.4,0.7588628383735417
,,,
298.033,9923.0,192.9,0.764525993883792
298.533,9936.0,193.2,0.764525993883792
299.033,9947.0,193.4,0.7022312832710386
299.533,9962.0,193.7,0.7418733718427908
300.033,9975.0,194.8,0.7418733718427908
300.533,9987.0,194.2,0.7305470608222902
,,,
,,,
302.033,10025.0,195.8,0.7343224978291237
302.533,10037.0,195.2,0.6833540982368709
303.033,10058.0,195.5,0.7796277419111262
303.533,10062.0,195.7,0.7173330312983728
304.033,10075.0,196.8,0.7173330312983728
304.533,10087.0,196.2,0.7116698757881225
305.033,10099.0,196.5,0.7173330312983728
305.533,10111.0,196.8,0.7003435647676218
,,,
306.533,10134.0,197.2,0.6918488315022463
307.033,10146.0,197.5,0.6918488315022463
307.533,10158.0,197.7,0.6880733944954128
,,,
308.533,10179.0,198.2,0.6795786612300373
,,,
309.533,10283.0,198.7,0.855136482047797
310.033,10216.0,199.8,0.4530524408200249
310.533,10226.0,199.2,0.43606297428927393
311.033,10239.0,199.4,0.44172612979952425
,,,
312.033,10262.0,199.9,0.43889455204439914
312.533,10274.0,200.1,0.43889455204439914
313.033,10285.0,200.4,0.436062974289274
313.533,10297.0,200.6,0.436062974289274
,,,
314.533,10328.0,201.1,0.45588401857515004
315.033,10333.0,201.3,0.42473666326877335
315.533,10343.0,201.5,0.18688413183826025
316.033,10357.0,201.8,0.6455997281685355
316.533,10367.0,202.8,0.6455997281685355
317.033,10381.0,202.2,0.6512628836787857
,,,
318.033,10484.0,202.6,0.8777891040887982
318.533,10417.0,202.9,0.43039981877902367
319.033,10429.0,203.1,0.43606297428927393
319.533,10441.0,203.3,0.43606297428927393
320.033,10454.0,203.6,0.4219050855136482
320.533,10464.0,203.7,0.4502208630648997
321.033,10477.0,204.8,0.4672103295956507
321.533,10488.0,204.2,0.4502208630648997
,,,
322.533,10515.0,204.6,0.47004190735077583
,,,
,,,
,,,
,,,
325.033,10577.0,205.7,0.4609808585343753
,,,
326.033,10682.0,206.1,0.46664401404462563
326.533,10613.0,206.3,0.455317703024125
327.033,10627.0,206.5,0.46664401404462563
327.533,10638.0,206.7,0.4609808585343753
,,,
328.533,10663.0,207.1,0.45814928077925016
329.033,10677.0,207.3,0.4808019028202514
,,,
330.033,10782.0,207.7,0.7044965454751387
330.533,10715.0,207.9,0.26277041567561443
,,,
331.533,10742.0,208.3,0.26277041567561443
,,,
,,,
,,,
,,,
,,,
,,,
,,,
,,,
336.033,10859.0,218.8,0.26616830898176463
336.533,10872.0,218.2,0.04247366632687734
,,,
337.533,10988.0,218.6,0.7616944161286668
,,,
,,,
339.033,10948.0,211.1,0.6069014988484916
,,,
340.033,10967.0,211.5,0.5984067655831162
340.533,10988.0,211.6,0.6465435874202439
,,,
341.533,11086.0,212.8,0.8447540302790048
342.033,11021.0,212.2,0.17933325782459325
342.533,11033.0,212.3,0.6267225431343678
343.033,11048.0,212.5,0.6352172763997432
343.533,11061.0,212.7,0.6352172763997432
344.033,11077.0,212.9,0.6522067429304942
344.533,11088.0,213.8,0.3860384339487296
,,,
345.533,11116.0,213.3,0.5408313512289047
346.033,11138.0,213.5,0.6116207951070336
346.533,11144.0,213.7,0.526673462453279
347.033,11158.0,213.8,0.32846301959451807
347.533,11172.0,214.8,0.7758523049042926
348.033,11186.0,214.2,0.7871786159247932
348.533,11199.0,214.3,0.7758523049042926
349.033,11215.0,214.5,0.7928417714350435
349.533,11228.0,214.6,0.7758523049042926
350.033,11244.0,214.8,0.8041680824555442
350.533,11256.0,215.8,0.7928417714350435
351.033,11272.0,215.1,0.7588628383735416
351.533,11284.0,215.3,0.7928417714350435
352.033,11308.0,215.4,0.8494733265375467
352.533,11314.0,215.6,0.8041680824555442
353.033,11329.0,215.7,0.8098312379657945
353.533,11344.0,215.9,0.8211575489862951
354.033,11358.0,216.8,0.8098312379657945
354.533,11372.0,216.2,0.8154943934760448
355.033,11387.0,216.3,0.8098312379657945
,,,
356.033,11415.0,216.6,0.8211575489862951
356.533,11428.0,216.8,0.8041680824555442
357.033,11445.0,216.9,0.8324838600067958
357.533,11458.0,217.1,0.7701891493940424
358.033,11474.0,217.2,0.8268207044965454
358.533,11487.0,217.3,0.8154943934760448
,,,
359.533,11517.0,217.6,0.8154943934760448
360.033,11533.0,217.8,0.8268207044965454
360.533,11548.0,217.9,0.8324838600067958
361.033,11563.0,218.8,0.8324838600067958
361.533,11577.0,218.2,0.8324838600067958
362.033,11592.0,218.3,0.8438101710272964
,,,
363.033,11623.0,218.6,0.8353154377619209
363.533,11636.0,218.7,0.8353154377619209
364.033,11653.0,218.8,0.8409785932721712
364.533,11667.0,219.8,0.8466417487824215
365.033,11683.0,219.1,0.8523049042926718
365.533,11697.0,219.2,0.8409785932721712
366.033,11711.0,219.3,0.8353154377619209
366.533,11727.0,219.5,0.8409785932721712
367.033,11743.0,219.6,0.8523049042926718
367.533,11759.0,219.7,0.8579680598029221
368.033,11775.0,219.8,0.8607996375580473
368.533,11798.0,220.8,0.9174311926605504
369.033,11885.0,220.1,1.3138520783780723
369.533,11821.0,220.2,0.872125948578548
370.033,11836.0,220.3,0.8664627930682977
370.533,11851.0,220.4,0.872125948578548
371.033,11869.0,220.6,0.8947785706195492
371.533,11883.0,220.7,0.8834522595990486
,,,
372.533,11913.0,220.9,0.8777891040887983
373.033,11938.0,221.8,0.928757503681051
373.533,11945.0,221.1,0.8777891040887983
374.033,11968.0,221.2,0.8777891040887983
374.533,11977.0,221.4,0.436062974289274
375.033,11994.0,221.5,0.8947785706195491
,,,
376.033,12025.0,221.7,0.8976101483746743
376.533,12048.0,221.8,0.9429153924566768
377.033,12057.0,221.9,0.891946992864424
377.533,12073.0,222.8,0.9032733038849247
378.033,12088.0,222.1,0.9032733038849247
378.533,12104.0,222.2,0.8523049042926718
379.033,12121.0,222.3,0.908936459395175
379.533,12136.0,222.4,0.8636312153131724
380.033,12153.0,222.5,0.908936459395175
380.533,12169.0,222.6,0.9032733038849247
381.033,12185.0,222.7,0.9061048816400498
,,,
382.033,12218.0,222.9,0.8692943708234228
382.533,12235.0,223.8,0.9145996149054253
383.033,12252.0,223.1,0.9202627704156756
383.533,12267.0,223.2,0.9202627704156756
384.033,12286.0,223.3,0.9372522369464266
,,,
385.033,12316.0,223.5,0.9259259259259259
385.533,12333.0,223.6,0.9372522369464266
386.033,12358.0,223.6,0.982557481028429
386.533,12366.0,223.7,0.9372522369464266
387.033,12385.0,223.8,0.9542417034771774
387.533,12399.0,223.9,0.9400838147015517
388.033,12419.0,224.8,0.9570732812323026
388.533,12434.0,224.1,0.945746970211802
389.033,12452.0,224.2,0.9627364367425529
389.533,12467.0,224.2,0.9400838147015517
390.033,12485.0,224.3,0.9570732812323026
390.533,12508.0,224.4,0.9910522142938044
391.033,12528.0,224.5,0.9627364367425529
391.533,12535.0,224.6,0.9570732812323026
392.033,12553.0,224.7,0.9514101257220523
392.533,12568.0,224.7,0.9570732812323026
393.033,12588.0,224.8,0.9570732812323026
,,,
394.033,12622.0,225.8,0.9683995922528033
394.533,12637.0,225.8,0.9514101257220523
395.033,12657.0,225.1,0.9797259032733038
395.533,12672.0,225.2,0.9627364367425528
396.033,12691.0,225.3,0.9400838147015517
,,,
397.033,12724.0,225.4,0.9202627704156756
397.533,12742.0,225.5,0.982557481028429
398.033,12759.0,225.5,0.9768943255181787
398.533,12779.0,225.6,1.0052101030694303
399.033,12797.0,225.7,0.9938837920489296
399.533,12814.0,225.7,0.9938837920489296
400.033,12832.0,225.8,1.0108732585796805
400.533,12849.0,225.9,0.9938837920489296
401.033,12866.0,225.9,1.0052101030694303
401.533,12881.0,226.8,0.982557481028429
,,,
402.533,12919.0,226.1,0.9967153698040547
403.033,12938.0,226.2,1.0023785253143052
403.533,12956.0,226.2,1.0080416808245554
404.033,12974.0,226.3,0.9967153698040547
404.533,12992.0,226.4,0.9967153698040547
405.033,13018.0,226.4,1.0476837693963077
405.533,13028.0,226.5,1.0023785253143052
406.033,13047.0,226.5,1.0137048363348058
406.533,13062.0,226.6,1.0023785253143052
407.033,13082.0,226.6,1.0306943028655566
407.533,13099.0,226.7,1.019367991845056
408.033,13128.0,226.7,1.0759995469475592
408.533,13136.0,226.8,1.019367991845056
409.033,13154.0,226.8,1.019367991845056
409.533,13172.0,226.9,1.019367991845056
410.033,13191.0,226.9,0.9797259032733038
,,,
411.033,13228.0,227.8,1.0278627251104315
411.533,13246.0,227.1,1.022199569600181
412.033,13267.0,227.1,1.056178502661683
412.533,13283.0,227.2,1.0335258806206817
413.033,13304.0,227.2,1.056178502661683
413.533,13321.0,227.2,0.9882206365386793
414.033,13341.0,227.3,1.056178502661683
414.533,13359.0,227.3,1.056178502661683
415.033,13377.0,227.4,1.056178502661683
415.533,13396.0,227.4,1.056178502661683
416.033,13415.0,227.4,1.059010080416808
416.533,13435.0,227.5,1.0703363914373087
417.033,13454.0,227.5,1.059010080416808
417.533,13472.0,227.6,1.0703363914373087
418.033,13493.0,227.6,1.0703363914373087
,,,
419.033,13532.0,227.7,1.0844942802129345
419.533,13549.0,227.7,1.0675048136821836
420.033,13571.0,227.7,1.090157435723185
420.533,13587.0,227.8,1.0788311247026843
,,,
421.533,13625.0,227.8,1.0788311247026843
422.033,13646.0,227.8,1.090157435723185
422.533,13665.0,227.9,1.0844942802129345
423.033,13686.0,227.9,1.0958205912334351
,,,
424.033,13725.0,228.8,1.1043153244988106
424.533,13742.0,228.8,1.0816627024578094
425.033,13765.0,228.8,1.1014837467436855
425.533,13782.0,228.8,1.1014837467436855
,,,
426.533,13822.0,228.1,1.090157435723185
427.033,13842.0,228.1,1.1128100577641862
427.533,13862.0,228.1,1.1184732132744364
428.033,13881.0,228.1,1.1071469022539357
,,,
429.033,13921.0,228.2,1.1128100577641862
429.533,13941.0,228.2,1.1071469022539357
430.033,13961.0,228.2,1.1099784800090609
430.533,13981.0,228.2,1.126967946539812
,,,
431.533,14022.0,228.3,1.1128100577641862
432.033,14044.0,228.3,1.1411258353154377
432.533,14062.0,228.3,1.129799524294937
433.033,14083.0,228.3,1.1354626798051872
433.533,14104.0,228.3,1.1411258353154377
434.033,14126.0,228.3,1.1581153018461885
434.533,14145.0,228.3,1.1524521463359383
435.033,14168.0,228.3,1.1694416128666894
435.533,14185.0,228.3,1.1524521463359383
,,,
436.533,14228.0,228.4,1.1609468796013138
437.033,14249.0,228.4,1.163778457356439
437.533,14278.0,228.4,1.203420545928191
438.033,14289.0,228.4,1.163778457356439
438.533,14311.0,228.4,1.1694416128666894
439.033,14331.0,228.4,1.163778457356439
439.533,14353.0,228.4,1.163778457356439
440.033,14374.0,228.4,1.1751047683769396
440.533,14393.0,228.4,1.1524521463359383
441.033,14416.0,228.4,1.1864310793974402
441.533,14433.0,228.4,1.1609468796013138
442.033,14458.0,228.4,1.183599501642315
442.533,14488.0,228.4,1.1892626571525653
443.033,14508.0,228.4,1.240231056744818
443.533,14521.0,228.4,1.1892626571525653
444.033,14543.0,228.4,1.200588968173066
444.533,14562.0,228.4,1.183599501642315
445.033,14586.0,228.4,1.200588968173066
,,,
446.033,14628.0,228.4,1.2119152791935666
446.533,14658.0,228.4,1.2515573677653187
447.033,14672.0,228.3,1.2345679012345678
447.533,14693.0,228.3,1.2119152791935666
448.033,14716.0,228.3,1.1722731906218145
448.533,14738.0,228.3,1.183599501642315
449.033,14761.0,228.3,1.2402310567448183
449.533,14785.0,228.3,1.2515573677653187
,,,
450.533,14838.0,228.3,1.294031034092196
451.033,14852.0,228.3,1.237399478989693
451.533,14875.0,228.3,1.2487257900101936
452.033,14897.0,228.2,1.203420545928191
452.533,14928.0,228.2,1.2996941896024463
453.033,14942.0,228.2,1.2600521010306942
453.533,14966.0,228.2,1.2657152565409446
454.033,14991.0,228.2,1.2827047230716955
454.533,15011.0,228.2,1.2657152565409444
455.033,15036.0,228.1,1.2713784120511948
455.533,15059.0,228.1,1.2515573677653187
456.033,15081.0,228.1,1.2968626118473212
456.533,15106.0,228.1,1.3081889228678218
457.033,15129.0,228.1,1.3138520783780723
457.533,15152.0,228.8,1.2685468342960697
458.033,15175.0,228.8,1.3195152338883225
458.533,15199.0,228.8,1.3195152338883225
459.033,15225.0,228.8,1.325178389398573
459.533,15246.0,228.8,1.3308415449088231
460.033,15269.0,227.9,1.3195152338883225
460.533,15293.0,227.9,1.325178389398573
461.033,15317.0,227.9,1.3365047004190735
461.533,15348.0,227.9,1.3704836334805752
462.033,15365.0,227.8,1.3365047004190733
462.533,15389.0,227.8,1.3421678559293237
463.033,15411.0,227.8,1.3365047004190733
463.533,15434.0,227.8,1.3308415449088231
464.033,15459.0,227.7,1.3251783893985727
464.533,15485.0,227.7,1.3534941669498244
465.033,15518.0,227.7,1.4101257220523276
465.533,15534.0,227.6,1.364820477970325
466.033,15558.0,227.6,1.364820477970325
466.533,15579.0,227.6,1.3081889228678218
,,,
467.533,15629.0,227.5,1.3534941669498244
468.033,15656.0,227.5,1.3704836334805752
468.533,15678.0,227.4,1.3704836334805752
,,,
469.533,15727.0,227.4,1.3789783667459508
470.033,15751.0,227.3,1.3733152112357003
470.533,15778.0,227.3,1.3789783667459508
,,,
471.533,15828.0,227.2,1.3336731226639482
472.033,15853.0,227.2,1.384641522256201
472.533,15878.0,227.2,1.3903046777664514
,,,
473.533,15927.0,227.1,1.4101257220523276
474.033,15952.0,227.8,1.4101257220523276
474.533,15978.0,227.8,1.4044625665420771
,,,
475.533,16029.0,226.9,1.4242836108279533
476.033,16053.0,226.9,1.421452033072828
476.533,16088.0,226.8,1.4837467436855816
,,,
477.533,16138.0,226.8,1.472420432665081
478.033,16157.0,226.7,1.438441499603579
478.533,16181.0,226.7,1.4327783440933286
,,,
479.533,16233.0,226.6,1.438441499603579
480.033,16268.0,226.5,1.4979046324612073
480.533,16286.0,226.5,1.4582625438894552
481.033,16312.0,226.4,1.4582625438894552
481.533,16338.0,226.4,1.4610941216445803
482.033,16363.0,226.3,1.4667572771548305
482.533,16389.0,226.3,1.4157888775625778
483.033,16416.0,226.2,1.4271151885830784
483.533,16442.0,226.2,1.4667572771548305
484.033,16468.0,226.1,1.4780835881753311
484.533,16494.0,226.1,1.4780835881753311
485.033,16525.0,226.8,1.4554309661343299
485.533,16549.0,226.8,1.4894098991958318
486.033,16576.0,225.9,1.4950730547060822
,,,
487.033,16628.0,225.8,1.4950730547060822
487.533,16653.0,225.8,1.4950730547060822
488.033,16682.0,225.7,1.512062521236833
,,,
489.033,16738.0,225.6,1.5177256767470833
489.533,16764.0,225.6,1.5177256767470833
490.033,16791.0,225.5,1.5233888322573337
490.533,16818.0,225.5,1.5290519877675839
491.033,16846.0,225.4,1.512062521236833
491.533,16873.0,225.4,1.5290519877675839
,,,
492.533,16927.0,225.2,1.5290519877675839
493.033,16955.0,225.2,1.5403782987880845
493.533,16983.0,225.1,1.5573677653188356
494.033,17011.0,225.1,1.5517046098085852
494.533,17035.0,225.8,1.5290519877675839
495.033,17066.0,225.8,1.5573677653188356
495.533,17091.0,224.9,1.546041454298335
496.033,17121.0,224.8,1.5630309208290858
496.533,17149.0,224.8,1.5630309208290858
497.033,17177.0,224.7,1.5686940763393362
,,,
498.033,17232.0,224.6,1.5715256540944613
498.533,17261.0,224.6,1.5771888096047115
499.033,17298.0,224.5,1.6281572091969645
499.533,17318.0,224.4,1.582851965114962
500.033,17347.0,224.4,1.6111677426662134
500.533,17375.0,224.3,1.5941782761354626
501.033,17406.0,224.2,1.6281572091969645
501.533,17435.0,224.2,1.622494053686714
502.033,17462.0,224.1,1.6168308981764639
502.533,17491.0,224.1,1.622494053686714
503.033,17528.0,224.8,1.6762940310340921
503.533,17545.0,223.9,1.6083361649110883
504.033,17578.0,223.9,1.585683542870087
,,,
505.033,17636.0,223.7,1.6366519424623398
505.533,17661.0,223.7,1.6139993204213385
506.033,17696.0,223.6,1.6536414089930909
506.533,17725.0,223.5,1.6423150979725902
507.033,17755.0,223.5,1.6479782534828404
507.533,17784.0,223.4,1.659304564503341
508.033,17814.0,223.3,1.6649677200135915
508.533,17844.0,223.3,1.6253256314418394
509.033,17873.0,223.2,1.693283497564843
,,,
510.033,17935.0,223.1,1.6819571865443423
510.533,17961.0,223.8,1.6649677200135915
511.033,17994.0,222.9,1.710272964095594
,,,
,,,
,,,
513.033,18116.0,222.7,1.6847887642994677
513.533,18147.0,222.6,1.6961150753199683
514.033,18177.0,222.5,1.6961150753199683
,,,
515.033,18238.0,222.4,1.7046098085853436
515.533,18265.0,222.3,1.6876203420545928
,,,
516.533,18328.0,222.2,1.696115075319968
517.033,18364.0,222.1,1.7357571638917204
517.533,18391.0,222.1,1.7131045418507191
518.033,18426.0,222.8,1.7640729414429719
518.533,18457.0,221.9,1.7527466304224713
519.033,18489.0,221.8,1.7612413636878468
519.533,18521.0,221.8,1.766904519198097
520.033,18558.0,221.7,1.806546607769849
520.533,18584.0,221.6,1.7810624079737227
521.033,18614.0,221.6,1.7980518745044738
521.533,18647.0,221.5,1.806546607769849
522.033,18678.0,221.4,1.7782308302185976
522.533,18711.0,221.3,1.8122097632800995
523.033,18745.0,221.3,1.8065466077698493
523.533,18777.0,221.2,1.8122097632800995
,,,
524.533,18842.0,221.8,1.8150413410352246
525.033,18874.0,221.8,1.8150413410352246
,,,
526.033,18939.0,220.8,1.7895571412390983
526.533,18972.0,220.7,1.8291992298108504
,,,
527.533,19036.0,220.6,1.840525540831351
,,,
528.533,19184.0,228.5,2.0727149167516137
,,,
529.533,19171.0,228.3,1.8603465851172272
,,,
530.533,19238.0,220.2,1.8631781628723523
531.033,19272.0,220.1,1.8631781628723523
,,,
532.033,19343.0,219.9,1.8829992071582284
532.533,19366.0,219.9,1.8291992298108504
533.033,19413.0,219.8,1.9141465624646052
533.533,19443.0,219.7,1.8999886736889793
534.033,19477.0,219.6,1.9056518291992297
534.533,19512.0,219.6,1.9226412957299805
535.033,19552.0,219.5,1.73009400838147
535.533,19582.0,219.4,1.9367991845056065
536.033,19621.0,219.3,1.967946539811983
536.533,19651.0,219.3,1.9452939177709818
537.033,19689.0,219.2,1.9594518065466078
537.533,19728.0,219.1,2.050062294710613
538.033,19759.0,219.8,1.9594518065466076
538.533,19791.0,219.8,1.9707781175671082
539.033,19838.0,218.9,2.044399139200362
539.533,19866.0,218.8,2.0047570506286103
540.033,19898.0,218.7,1.9594518065466076
540.533,19933.0,218.7,1.9877675840978593
541.033,19973.0,218.6,1.9934307396081095
541.533,20007.0,218.5,2.0160833616491107
542.033,20044.0,218.4,2.0104202061388605
542.533,20077.0,218.4,1.9764412730773586
,,,
543.533,20158.0,218.2,2.0302412504247367
544.033,20198.0,218.1,2.075546494506739
544.533,20223.0,218.8,1.950957073281232
545.033,20263.0,218.8,2.018914939404236
,,,
546.033,20335.0,217.8,2.041567561445237
546.533,20372.0,217.7,2.0528938724657375
547.033,20411.0,217.7,2.0472307169554873
547.533,20448.0,217.6,2.0642201834862384
548.033,20485.0,217.5,2.0642201834862384
548.533,20523.0,217.4,2.09253596103749
549.033,20562.0,217.4,2.0840412277721145
549.533,20608.0,217.3,2.118020160833616
550.033,20635.0,217.2,2.129346471854117
550.533,20673.0,217.2,2.118020160833616
551.033,20714.0,217.1,2.1463359383848677
,,,
,,,
552.533,20826.0,216.9,2.148223656888285
553.033,20869.0,216.8,2.1708762789292857
,,,
554.033,20948.0,216.6,2.1850341677049117
,,,
555.033,21029.0,216.5,2.204855211990788
555.533,21063.0,216.4,2.1822025899497866
556.033,21104.0,216.3,2.1935289009702874
556.533,21142.0,216.3,2.148223656888285
557.033,21182.0,216.2,2.221844678521539
557.533,21223.0,216.1,2.2388341450522895
558.033,21262.0,216.1,2.227507834031789
,,,
559.033,21342.0,215.9,2.242609582059123
559.533,21385.0,215.8,2.242609582059123
560.033,21426.0,215.8,2.2511043153244987
560.533,21461.0,215.7,2.2199569600181217
561.033,21504.0,215.6,2.270925359610375
561.533,21545.0,215.6,2.270925359610375
562.033,21587.0,215.5,2.2935779816513757
562.533,21632.0,215.4,2.3218937592026276
563.033,21673.0,215.4,2.3218937592026276
563.533,21711.0,215.3,2.316230603692377
564.033,21757.0,215.2,2.350209536753879
564.533,21796.0,215.2,2.327556914712878
565.033,21842.0,215.1,2.3558726922641293
565.533,21888.0,215.8,2.418167402876883
566.033,21923.0,215.8,2.3728621587948804
566.533,21969.0,214.9,2.401177936346132
567.033,22013.0,214.8,2.4125042473666327
567.533,22052.0,214.8,2.3785253143051306
568.033,22098.0,214.7,2.4068410918563825
568.533,22139.0,214.6,2.423830558387133
569.033,22182.0,214.6,2.406841091856382
569.533,22223.0,214.5,2.418167402876883
570.033,22275.0,214.4,2.4521463359383846
570.533,22313.0,214.4,2.406841091856382
571.033,22363.0,214.3,2.491788424510137
,,,
572.033,22451.0,214.2,2.4804621134896365
572.533,22498.0,214.1,2.497451580020387
573.033,22548.0,214.1,2.5597462906331407
573.533,22579.0,214.8,2.474798957979386
574.033,22629.0,213.9,2.5257673575716386
574.533,22669.0,213.9,2.508777891040888
575.033,22716.0,213.8,2.5427568241023897
575.533,22762.0,213.8,2.508777891040888
,,,
576.533,22855.0,213.7,2.5569147128780156
577.033,22898.0,213.6,2.5172726243062633
577.533,22947.0,213.5,2.545588401857515
578.033,22993.0,213.5,2.5399252463472646
578.533,23038.0,213.4,2.511609468796013
579.033,23085.0,213.4,2.6022199569600177
,,,
580.033,23188.0,213.3,2.6107146902253935
580.533,23225.0,213.2,2.5937252236946424
581.033,23273.0,213.2,2.5993883792048926
581.533,23323.0,213.1,2.622041001245894
582.033,23371.0,213.1,2.6305357345112697
582.533,23419.0,213.8,2.658851512062521
,,,
583.533,23517.0,212.9,2.658851512062521
584.033,23563.0,212.9,2.658851512062521
584.533,23612.0,212.8,2.6815041341035224
585.033,23661.0,212.8,2.692830445124023
,,,
586.033,23762.0,212.7,2.6871672896137726
,,,
587.033,23862.0,212.6,2.7607883112470266
587.533,23913.0,212.6,2.7777777777777777
588.033,23961.0,212.5,2.766451466757277
588.533,24011.0,212.5,2.7777777777777777
589.033,24064.0,212.5,2.806093555329029
589.533,24115.0,212.4,2.8174198663495296
590.033,24178.0,212.4,2.913693510023785
590.533,24219.0,212.3,2.8683882659417828
591.033,24269.0,212.3,2.874051421452033
591.533,24319.0,212.3,2.871219843696908
592.033,24376.0,212.2,2.9108619322686597
592.533,24427.0,212.2,2.9108619322686597
593.033,24482.0,212.2,2.950504020840412
593.533,24535.0,212.1,2.967493487371163
594.033,24588.0,212.1,2.967493487371163
594.533,24639.0,212.1,2.967493487371163
595.033,24693.0,212.1,2.9165250877789104
595.533,24758.0,212.8,3.0524408200249176
596.033,24804.0,212.8,3.0297881979839163
596.533,24859.0,212.8,3.0581039755351678
597.033,24915.0,211.9,3.0524408200249176
597.533,24962.0,211.9,3.0297881979839163
598.033,25024.0,211.9,3.0694302865556686
598.533,25073.0,211.9,3.0467776645146674
599.033,25131.0,211.9,3.075093442065919
599.533,25191.0,211.8,3.1260618416581716
600.033,25249.0,211.8,3.148714463699173
,,,
601.033,25368.0,211.8,3.1175671083927963
601.533,25416.0,211.8,3.1288934194132967
602.033,25473.0,211.7,3.1402197304337975
602.533,25532.0,211.7,3.1572091969645486
603.033,25568.0,211.7,3.094914486351795
603.533,25649.0,211.7,3.202514441046551
,,,
604.533,25764.0,211.7,3.250651262883679
605.033,25821.0,211.7,3.244988107373428
605.533,25882.0,211.7,3.250651262883679
606.033,25942.0,211.7,3.261977573904179
,,,
607.033,26073.0,211.7,3.2959565069656813
607.533,26126.0,211.6,3.324272284516933
608.033,26195.0,211.6,3.3922301506399366
608.533,26244.0,211.6,3.335598595537433
609.033,26314.0,211.6,3.5281458828859438
609.533,26378.0,211.6,3.4318722392116885
610.033,26443.0,211.7,3.474345905538566
610.533,26495.0,211.7,3.4460301279873145
611.033,26567.0,211.7,3.5083248386000676
611.533,26588.0,211.7,3.2874617737003056
,,,
612.533,26744.0,211.7,3.3582512175784345
613.033,26816.0,211.7,3.46585117227319
613.533,26882.0,211.7,3.4488617057424396
614.033,26945.0,211.7,3.5281458828859438
614.533,26968.0,211.7,3.261977573904179
615.033,26968.0,211.7,2.8995356212481593
615.533,26969.0,211.8,2.5370936685921395
616.033,26978.0,211.8,2.293577981651376
616.533,26978.0,211.8,1.8858307849133535
617.033,26978.0,211.8,1.766904519198097
617.533,26978.0,211.8,1.325178389398573
618.033,26978.0,211.8,0.9174311926605504
618.533,26978.0,211.8,0.5436629289840299
619.033,26978.0,211.8,0.18688413183826028
619.533,26978.0,211.8,0.05663155510250311
620.033,26978.0,211.8,0.05663155510250311
620.533,26978.0,211.8,0.0509683995922528
621.033,26978.0,211.8,0.0
621.533,26978.0,211.8,0.0
622.033,26978.0,211.8,0.0
622.533,26978.0,211.8,0.0
623.033,26978.0,211.8,0.0
623.533,26978.0,211.8,0.0
624.033,26978.0,211.8,0.0
624.533,26978.0,211.8,0.0
625.033,26978.0,211.8,0.0
625.533,26978.0,211.8,0.0
626.033,26978.0,211.8,0.0
626.533,26978.0,211.8,0.0
627.033,26978.0,211.8,0.0
627.533,26978.0,211.8,0.0
628.033,26978.0,211.8,0.0
628.533,26978.0,211.8,0.0
629.033,26978.0,211.8,0.0
629.533,26978.0,211.8,0.0
630.033,26978.0,211.8,0.0
630.533,26978.0,211.8,0.0
631.033,26978.0,211.8,0.0
631.533,26978.0,211.8,0.0
632.033,26978.0,211.8,0.0
632.533,26978.0,211.8,0.0
633.033,26978.0,211.8,0.0
633.533,26978.0,211.8,0.0
634.033,26978.0,211.8,0.0
634.533,26978.0,211.8,0.0
635.033,26978.0,211.8,0.0
635.533,26978.0,211.8,0.0
636.033,26978.0,211.8,0.0
636.533,26978.0,211.8,0.0
637.033,26978.0,211.8,0.0
637.533,26978.0,211.8,0.0
638.033,26978.0,211.8,0.0
638.533,26978.0,211.8,0.0
639.033,26978.0,211.8,0.0
639.533,26978.0,211.8,0.0
640.033,26978.0,211.8,0.0
640.533,26978.0,211.8,0.0
641.033,26978.0,211.8,0.0
641.533,26978.0,211.8,0.0
642.033,26978.0,211.8,0.0
642.533,26978.0,211.8,0.0
643.033,26978.0,211.8,0.0
643.533,26978.0,211.8,0.0
644.033,26978.0,211.8,0.0
644.533,26978.0,211.8,0.0
645.033,26978.0,211.8,0.0
645.533,26978.0,211.8,0.0
646.033,26978.0,211.8,0.0
646.533,26978.0,211.8,0.0
647.033,26978.0,211.8,0.0
647.533,26978.0,211.8,0.0
648.033,26978.0,211.8,0.0
648.533,26978.0,211.8,0.0
649.033,26978.0,211.8,0.0
649.533,26978.0,211.8,0.0
650.033,26978.0,211.8,0.0
650.533,26978.0,211.8,0.0
651.033,26978.0,211.8,0.0
651.533,26978.0,211.8,0.0
652.033,26978.0,211.8,0.0
652.533,26978.0,211.8,0.0
653.033,26978.0,211.8,0.0
653.533,26978.0,211.8,0.0
654.033,26978.0,211.8,0.0
654.533,26978.0,211.8,0.0
655.033,26978.0,211.8,0.0
655.533,26978.0,211.8,0.0
656.033,26978.0,211.8,0.0
656.533,26978.0,211.8,0.0
657.033,26978.0,211.8,0.0
657.533,26978.0,211.8,0.0
658.033,26978.0,211.8,0.0
658.533,26978.0,211.8,0.0
659.033,26978.0,211.8,0.0
659.533,26978.0,211.8,0.0
660.033,26978.0,211.8,0.0
660.533,26978.0,211.8,0.0
661.033,26978.0,211.8,0.0
661.533,26978.0,211.8,0.0
662.033,26978.0,211.8,0.0
662.533,26978.0,211.8,0.0
663.033,26978.0,211.8,0.0
663.533,26978.0,211.8,0.0
664.033,26978.0,211.8,0.0
664.533,26978.0,211.8,0.0
665.033,26978.0,211.8,0.0
665.533,26978.0,211.8,0.0
666.033,26978.0,211.8,0.0
666.533,26978.0,211.8,0.0
667.033,26978.0,211.8,0.0
667.533,26978.0,211.8,0.0
668.033,26978.0,211.8,0.0
668.533,26978.0,211.8,0.0
669.033,26978.0,211.8,0.0
669.533,26978.0,211.8,0.0
670.033,26978.0,211.8,0.0
