t,v1,h1,v2,h2
0.033,,,,
0.533,,,,
1.033,,,,
1.533,,,,
2.033,5.0,-0.0,,
2.533,7.0,-0.0,,
3.033,7.0,-0.0,,
3.533,,,,
4.033,14.0,-0.0,,
4.533,20.0,-0.0,,
5.033,26.0,-0.0,,
5.533,,,,
6.033,40.0,0.0,,
6.533,,,,
7.033,54.0,0.0,,
7.533,61.0,0.0,,
8.033,,,,
8.533,,,,
9.033,,,,
9.533,2.0,0.0,,
10.033,100.0,0.0,,
10.533,107.0,0.1,,
11.033,116.0,0.1,,
11.533,123.0,0.1,,
12.033,133.0,0.1,,
12.533,140.0,0.1,,
13.033,148.0,0.1,,
13.533,156.0,0.2,,
14.033,165.0,0.2,,
14.533,173.0,0.2,,
15.033,182.0,0.2,,
15.533,190.0,0.3,,
16.033,198.0,0.3,,
16.533,206.0,0.3,,
17.033,215.0,0.4,,
17.533,224.0,0.4,,
18.033,233.0,0.4,,
18.533,242.0,0.5,,
19.033,252.0,0.5,,
19.533,1318.0,0.5,,
20.033,269.0,0.6,,
20.533,278.0,0.6,,
21.033,288.0,0.6,,
21.533,297.0,0.7,,
22.033,307.0,0.7,,
22.533,316.0,0.8,,
23.033,325.0,0.8,,
23.533,335.0,0.9,,
24.033,345.0,0.9,,
24.533,354.0,1.0,,
25.033,365.0,1.0,,
25.533,374.0,1.1,,
26.033,383.0,1.1,,
26.533,394.0,1.2,,
27.033,404.0,1.2,,
27.533,414.0,1.3,,
28.033,424.0,1.3,,
28.533,435.0,1.4,,
29.033,445.0,15.0,,
29.533,456.0,15.0,,
30.033,466.0,1.6,,
30.533,478.0,1.7,,
31.033,,,,
31.533,500.0,1.8,,
32.033,510.0,1.9,,
32.533,521.0,1.9,,
33.033,531.0,2.0,,
33.533,544.0,2.1,,
34.033,554.0,2.2,,
34.533,566.0,2.2,,
35.033,577.0,2.3,,
35.533,589.0,2.4,,
36.033,602.0,2.5,,
36.533,,,,
37.033,625.0,2.7,,
37.533,638.0,2.7,,
38.033,650.0,2.8,,
38.533,662.0,29.0,,
39.033,674.0,3.0,,
39.533,,,,
40.033,,,,
40.533,713.0,3.3,,
41.033,726.0,3.4,,
41.533,738.0,3.5,,
42.033,,,,
42.533,765.0,3.7,,
43.033,778.0,3.8,,
43.533,791.0,3.9,,
44.033,806.0,4.0,,
44.533,819.0,4.1,,
45.033,828.0,4.2,,
45.533,835.0,4.4,,
46.033,844.0,45.0,,
46.533,851.0,46.0,,
47.033,858.0,4.7,,
47.533,866.0,48.0,,
48.033,872.0,49.0,,
48.533,878.0,5.0,,
49.033,85.0,55.1,,
49.533,2.0,5.2,,
50.033,,,,
50.533,7.0,5.5,,
51.033,913.0,5.6,,
51.533,921.0,5.7,,
52.033,,,,
52.533,936.0,6.0,,
53.033,944.0,6.1,,
53.533,951.0,62.0,,
54.033,60.0,6.3,,
54.533,967.0,6.4,,
55.033,976.0,66.0,,
55.533,983.0,6.7,,
56.033,,,,
56.533,1001.0,69.0,,
57.033,1010.0,7.1,,
57.533,1018.0,7.2,,
58.033,1029.0,7.4,,
58.533,1040.0,7.5,,
59.033,1053.0,7.6,,
59.533,1069.0,7.7,,
60.033,1084.0,7.9,,
60.533,1099.0,8.0,,
61.033,1117.0,8.28,,
61.533,1133.0,8.3,,
62.033,1151.0,8.4,,
62.533,1168.0,8.6,,
63.033,1185.0,8.7,,
63.533,1203.0,89.0,,
64.033,1221.0,9.0,,
64.533,1239.0,9.2,,
65.033,1257.0,9.3,,
65.533,1274.0,9.5,,
66.033,1293.0,9.6,,
66.533,1311.0,9.8,,
67.033,1329.0,99.0,,
67.533,1348.0,10.1,,
68.033,1366.0,10.3,,
68.533,1385.0,10.4,,
69.033,1405.0,10.6,,
69.533,1423.0,10.8,,
70.033,1443.0,10.9,,
70.533,1462.0,11.1,,
71.033,1482.0,11.3,,
71.533,1502.0,11.4,,
72.033,1521.0,11.6,,
72.533,1541.0,11.8,,
73.033,1560.0,12.0,,
73.533,1581.0,12.1,,
74.033,1599.0,12.3,,
74.533,1621.0,12.5,,
75.033,1640.0,12.7,,
75.533,1662.0,12.9,,
76.033,1681.0,13.0,,
76.533,,,,
77.033,1723.0,13.4,,
77.533,1746.0,13.6,,
78.033,1767.0,13.8,,
78.533,1790.0,14.0,,
79.033,1810.0,14.2,,
79.533,1834.0,14.4,,
80.033,1858.0,146.0,,
80.533,1881.0,148.0,,
81.033,1903.0,15.0,,
81.533,1927.0,15.2,,
82.033,1950.0,15.4,,
82.533,1972.0,15.6,,
83.033,1996.0,15.8,,
83.533,2019.0,16.0,,
84.033,2043.0,16.2,,
84.533,2062.0,16.3,,
85.033,2090.0,16.6,,
85.533,2117.0,16.8,,
86.033,2144.0,17.0,,
86.533,2169.0,17.2,,
87.033,2194.0,17.4,,
87.533,2221.0,17.6,,
88.033,2246.0,17.8,,
88.533,2271.0,18.1,,
89.033,2300.0,18.3,,
89.533,2325.0,18.5,,
90.033,2355.0,18.8,,
90.533,2380.0,19.0,,
91.033,2411.0,19.2,,
91.533,2438.0,19.5,,
92.033,2466.0,19.7,,
92.533,2495.0,19.9,,
93.033,2523.0,20.1,,
93.533,2553.0,20.4,,
94.033,2582.0,20.6,,
94.533,2610.0,20.9,,
95.033,2639.0,21.1,,
95.533,2671.0,21.3,,
96.033,2700.0,21.6,,
96.533,2730.0,21.8,,
97.033,2762.0,22.1,,
97.533,2792.0,22.3,,
98.033,2822.0,22.6,,
98.533,2854.0,22.8,,
99.033,2884.0,23.1,,
99.533,2916.0,23.3,,
100.033,2950.0,23.6,,
100.533,2981.0,23.8,,
101.033,3014.0,24.1,,
101.533,3046.0,24.3,,
102.033,3080.0,24.6,,
102.533,3111.0,24.8,,
103.033,3149.0,25.2,,
103.533,3179.0,25.4,,
104.033,3216.0,25.7,,
104.533,3249.0,25.8,,
105.033,3283.0,26.2,,
105.533,3320.0,26.5,,
106.033,3355.0,26.8,,
106.533,3392.0,27.1,,
107.033,3427.0,27.2,,
107.533,3465.0,27.6,,
108.033,3500.0,27.8,,
108.533,3538.0,28.2,,
109.033,3571.0,28.3,,
109.533,3610.0,28.8,,
110.033,3645.0,28.9,,
110.533,3684.0,29.3,,
111.033,3719.0,29.5,,
111.533,3759.0,29.9,,
112.033,3797.0,30.2,,
112.533,3837.0,30.5,,
113.033,3872.0,30.7,,
113.533,3914.0,31.1,,
114.033,3952.0,31.3,,
114.533,3994.0,31.7,,
115.033,4033.0,32.0,,
115.533,4074.0,32.3,,
116.033,115.0,32.6,,
116.533,4155.0,32.9,,
117.033,4197.0,33.2,,
117.533,,,,
118.033,4281.0,33.8,,
118.533,4320.0,34.1,,
119.033,4364.0,34.5,,
119.533,4408.0,34.8,,
120.033,4451.0,35.1,,
120.533,4495.0,35.4,,
121.033,4538.0,35.8,,
121.533,4582.0,36.1,,
122.033,4627.0,36.4,,
122.533,4670.0,36.8,,
123.033,4715.0,37.1,,
123.533,4761.0,37.5,,
124.033,4805.0,37.8,,
124.533,4850.0,38.1,,
125.033,4897.0,38.4,,
125.533,4942.0,38.7,,
126.033,4991.0,39.1,,
126.533,5035.0,39.4,,
127.033,5086.0,39.8,,
127.533,5129.0,40.1,,
128.033,5181.0,40.5,,
128.533,5227.0,40.8,,
129.033,5279.0,41.3,,
129.533,5325.0,41.6,,
130.033,5373.0,42.0,,
130.533,5421.0,42.3,,
131.033,5472.0,42.7,,
131.533,5521.0,43.1,,
132.033,5574.0,43.5,,
132.533,5624.0,43.9,,
133.033,5681.0,44.3,,
133.533,5725.0,44.6,,
134.033,5781.0,45.0,,
134.533,5829.0,45.4,,
135.033,5887.0,45.8,,
135.533,5941.0,46.2,,
136.033,5996.0,46.6,,
136.533,6049.0,47.0,,
137.033,6103.0,47.4,,
137.533,6157.0,47.8,,
138.033,6210.0,48.3,,
138.533,6266.0,48.7,,
139.033,6323.0,49.1,,
139.533,6378.0,49.5,,
140.033,6435.0,49.9,,
140.533,6494.0,50.4,,
141.033,6550.0,50.8,,
141.533,6608.0,51.2,,
142.033,6671.0,51.7,,
142.533,6731.0,52.1,,
143.033,6789.0,52.6,,
143.533,6847.0,53.0,,
144.033,6898.0,53.5,,
144.533,6948.0,53.9,,
145.033,6999.0,54.4,,
145.533,7049.0,54.8,,
146.033,7098.0,55.3,,
146.533,7146.0,55.7,,
147.033,7198.0,56.2,,
147.533,7248.0,56.7,,
148.033,7298.0,57.1,,
148.533,7345.0,57.6,,
149.033,7394.0,58.0,,
149.533,7444.0,58.5,,
150.033,7498.0,59.0,,
150.533,7546.0,59.4,,
151.033,7602.0,59.9,,
151.533,7649.0,60.3,,
152.033,7705.0,60.9,,
152.533,7759.0,61.3,,
153.033,7813.0,61.8,,
153.533,7866.0,62.3,,
154.033,7921.0,62.8,,
154.533,7977.0,63.3,,
155.033,40.0,63.8,,
155.533,,,,
156.033,8151.0,64.8,,
156.533,8200.0,65.3,,
157.033,8233.0,65.8,,
157.533,8240.0,66.3,,
158.033,8236.0,66.8,,
158.533,8230.0,67.3,,
159.033,8223.0,67.8,,
159.533,8216.0,68.3,,
160.033,8203.0,68.7,,
160.533,192.0,69.2,,
161.033,8183.0,69.7,,
161.533,8176.0,70.1,,
162.033,8169.0,70.6,,
162.533,8162.0,71.1,,
163.033,8155.0,71.6,,
163.533,8148.0,72.0,,
164.033,8140.0,72.5,,
164.533,8134.0,73.0,,
165.033,8127.0,73.4,,
165.533,8120.0,73.9,,
166.033,8113.0,74.3,,
166.533,8106.0,74.8,,
167.033,,,,
167.533,8093.0,75.7,,
168.033,,,,
168.533,8078.0,76.6,,
169.033,8070.0,77.1,,
169.533,8063.0,77.5,,
170.033,,,,
170.533,8049.0,78.4,,
171.033,8043.0,78.8,,
171.533,8037.0,79.2,,
172.033,8031.0,79.6,,
172.533,23.0,80.1,,
173.033,8017.0,80.5,,
173.533,10.0,80.9,8193.0,81.1
174.033,4.0,81.3,8201.0,81.5
174.533,7998.0,81.7,8210.0,81.9
175.033,7991.0,82.2,8219.0,82.4
175.533,7985.0,82.6,8227.0,82.8
176.033,7978.0,83.0,8236.0,83.3
176.533,7972.0,83.4,8244.0,83.7
177.033,7966.0,83.9,8253.0,84.1
177.533,7960.0,84.3,8261.0,84.5
178.033,7953.0,84.7,8271.0,85.0
178.533,7948.0,85.1,8279.0,85.4
179.033,7941.0,85.5,8289.0,85.8
179.533,7935.0,85.9,8297.0,86.2
180.033,7929.0,86.3,8307.0,86.7
180.533,7923.0,86.7,8315.0,87.1
181.033,7916.0,87.1,8325.0,87.5
181.533,7910.0,87.5,8333.0,87.9
182.033,7905.0,87.9,8343.0,88.4
182.533,,,8352.0,88.7
183.033,7893.0,88.6,8361.0,89.2
183.533,7888.0,89.0,8370.0,89.6
184.033,7881.0,89.4,8380.0,90.0
184.533,7875.0,89.8,8389.0,90.4
185.033,7869.0,90.1,8399.0,90.8
185.533,7863.0,90.5,408.0,91.2
186.033,7857.0,90.9,8418.0,91.6
186.533,7852.0,91.3,8427.0,92.0
187.033,7846.0,91.6,8436.0,92.4
187.533,7840.0,92.0,8446.0,92.8
188.033,7834.0,92.3,8456.0,93.2
188.533,7829.0,92.7,8466.0,93.6
189.033,7823.0,93.1,8475.0,94.0
189.533,7817.0,93.5,8486.0,94.5
190.033,7812.0,93.8,8495.0,94.8
190.533,7806.0,94.2,505.0,95.2
191.033,7801.0,94.5,8514.0,95.6
191.533,7796.0,94.8,8523.0,96.0
192.033,7790.0,95.2,8534.0,96.4
192.533,7784.0,95.5,8544.0,96.8
193.033,7779.0,95.9,8554.0,97.2
193.533,7774.0,96.2,8565.0,97.5
194.033,7768.0,96.5,8575.0,97.9
194.533,7764.0,96.8,8584.0,98.3
195.033,7758.0,97.2,8595.0,98.7
195.533,7753.0,97.5,8606.0,99.1
196.033,7747.0,97.9,8616.0,99.5
196.533,7742.0,98.2,8627.0,99.8
197.033,7737.0,98.5,8637.0,100.0
197.533,7732.0,98.8,8648.0,100.0
198.033,7726.0,99.2,8658.0,101.0
198.533,7722.0,99.5,8669.0,101.0
199.033,7716.0,99.8,8679.0,101.0
199.533,7712.0,100.0,690.0,102.0
200.033,7707.0,100.0,8700.0,102.0
200.533,7702.0,100.0,8711.0,102.0
201.033,7697.0,101.0,8722.0,103.0
201.533,7692.0,101.0,8733.0,103.0
202.033,7687.0,101.0,8745.0,104.0
202.533,7682.0,102.0,8755.0,104.0
203.033,7677.0,102.0,8767.0,104.0
203.533,7673.0,102.0,8778.0,105.0
204.033,7668.0,102.0,8788.0,105.0
204.533,7663.0,103.0,0.0,105.0
205.033,7659.0,103.0,8811.0,106.0
205.533,7654.0,103.0,8822.0,106.0
206.033,7650.0,104.0,8833.0,106.0
206.533,7645.0,104.0,8845.0,107.0
207.033,7640.0,104.0,8856.0,107.0
207.533,7636.0,104.0,8867.0,107.0
208.033,7632.0,105.0,8878.0,108.0
208.533,7627.0,105.0,0.0,108.0
209.033,7623.0,105.0,8901.0,109.0
209.533,7619.0,106.0,8913.0,109.0
210.033,7614.0,106.0,924.0,109.0
210.533,7610.0,106.0,8936.0,110.0
211.033,7606.0,106.0,948.0,110.0
211.533,7602.0,107.0,959.0,110.0
212.033,7597.0,107.0,,
212.533,7593.0,107.0,9.0,5.0
213.033,7589.0,108.0,,
213.533,7585.0,108.0,,
214.033,7581.0,108.0,9022.0,112.0
214.533,7577.0,108.0,9035.0,112.0
215.033,7573.0,109.0,9048.0,113.0
215.533,7569.0,109.0,9059.0,113.0
216.033,7565.0,109.0,9072.0,113.0
216.533,7561.0,109.0,9087.0,114.0
217.033,7558.0,109.0,,
217.533,7553.0,110.0,9113.0,114.0
218.033,7549.0,110.0,9125.0,115.0
218.533,7546.0,110.0,,
219.033,7541.0,110.0,,
219.533,,,9163.0,116.0
220.033,7534.0,11.0,9176.0,116.0
220.533,7531.0,111.0,9191.0,116.0
221.033,7527.0,111.0,9203.0,117.0
221.533,7523.0,11.0,9217.0,117.0
222.033,7521.0,112.0,9230.0,117.0
222.533,7517.0,112.0,9244.0,118.0
223.033,7513.0,112.0,258.0,118.0
223.533,7509.0,112.0,9271.0,118.0
224.033,7506.0,113.0,9285.0,118.0
224.533,7503.0,113.0,298.0,119.0
225.033,7500.0,113.0,9312.0,119.0
225.533,7496.0,113.0,9325.0,119.0
226.033,7493.0,113.0,9340.0,120.0
226.533,7490.0,114.0,9352.0,120.0
227.033,7487.0,114.0,9367.0,120.0
227.533,7484.0,114.0,9381.0,121.0
228.033,7480.0,114.0,9395.0,121.0
228.533,7477.0,114.0,9409.0,121.0
229.033,7474.0,115.0,9424.0,122.0
229.533,7470.0,115.0,9437.0,122.0
230.033,7468.0,115.0,9451.0,122.0
230.533,7465.0,115.0,9465.0,122.0
231.033,7462.0,115.0,9479.0,123.0
231.533,7459.0,115.0,9493.0,123.0
232.033,7456.0,116.0,9507.0,123.0
232.533,7453.0,116.0,9522.0,124.0
233.033,7451.0,116.0,9536.0,124.0
233.533,7448.0,116.0,9549.0,124.0
234.033,7445.0,116.0,9564.0,125.0
234.533,7443.0,116.0,9577.0,125.0
235.033,7440.0,117.0,9593.0,125.0
235.533,7437.0,117.0,609.0,125.0
236.033,7435.0,117.0,9623.0,126.0
236.533,7432.0,117.0,9638.0,126.0
237.033,7430.0,117.0,9652.0,126.0
237.533,7427.0,117.0,9668.0,127.0
238.033,7425.0,117.0,9682.0,127.0
238.533,7422.0,118.0,9697.0,127.0
239.033,7420.0,118.0,9712.0,128.0
239.533,7418.0,118.0,9725.0,128.0
240.033,7415.0,118.0,9741.0,128.0
240.533,7413.0,118.0,9756.0,128.0
241.033,7411.0,118.0,9772.0,129.0
241.533,7408.0,118.0,9788.0,129.0
242.033,7406.0,119.0,2.0,129.0
242.533,7404.0,119.0,9818.0,130.0
243.033,7402.0,119.0,9833.0,130.0
243.533,7400.0,119.0,9848.0,130.0
244.033,7398.0,119.0,9863.0,130.0
244.533,7396.0,119.0,9879.0,131.0
245.033,7394.0,119.0,9894.0,131.0
245.533,7392.0,119.0,9910.0,131.0
246.033,7390.0,120.0,9925.0,131.0
246.533,7388.0,120.0,9941.0,132.0
247.033,7386.0,120.0,9958.0,132.0
247.533,7384.0,120.0,9973.0,132.0
248.033,7383.0,120.0,,
248.533,,,10004.0,133.0
249.033,7379.0,120.0,10020.0,133.0
249.533,7378.0,120.0,10034.0,133.0
250.033,7376.0,120.0,10051.0,134.0
250.533,7374.0,121.0,10067.0,134.0
251.033,7373.0,1221.0,10084.0,134.0
251.533,7371.0,1221.0,10100.0,134.0
252.033,7370.0,121.0,10115.0,134.0
252.533,7368.0,121.0,10132.0,135.0
253.033,7367.0,121.0,10147.0,135.0
253.533,7366.0,121.0,10164.0,135.0
254.033,7365.0,121.0,10180.0,135.0
254.533,7364.0,121.0,10196.0,136.0
255.033,7362.0,121.0,10213.0,136.0
255.533,7361.0,121.0,10230.0,136.0
256.033,7359.0,121.0,10245.0,136.0
256.533,7359.0,121.0,10262.0,137.0
257.033,7357.0,122.0,10278.0,137.0
257.533,7356.0,122.0,10295.0,137.0
258.033,7355.0,122.0,10311.0,137.0
258.533,7354.0,122.0,10328.0,138.0
259.033,7353.0,122.0,10345.0,138.0
259.533,7352.0,122.0,10362.0,138.0
260.033,7351.0,122.0,10380.0,138.0
260.533,7350.0,122.0,10395.0,139.0
261.033,7349.0,122.0,10412.0,139.0
261.533,7349.0,122.0,10429.0,139.0
262.033,7347.0,122.0,10448.0,139.0
262.533,7347.0,122.0,10464.0,140.0
263.033,7346.0,122.0,10482.0,140.0
263.533,7346.0,122.0,10500.0,140.0
264.033,7345.0,122.0,10517.0,140.0
264.533,7344.0,122.0,10534.0,140.0
265.033,7344.0,122.0,10550.0,141.0
265.533,7343.0,122.0,10569.0,141.0
266.033,7343.0,122.0,10585.0,141.0
266.533,7343.0,122.0,10604.0,141.0
267.033,7342.0,122.0,10622.0,142.0
267.533,7342.0,122.0,10639.0,142.0
268.033,7341.0,122.0,10656.0,142.0
268.533,7341.0,122.0,10674.0,142.0
269.033,7341.0,123.0,10692.0,142.0
269.533,7340.0,123.0,10710.0,143.0
270.033,7340.0,123.0,10728.0,143.0
270.533,7340.0,123.0,10745.0,143.0
271.033,7340.0,123.0,10763.0,143.0
271.533,7340.0,123.0,10781.0,144.0
272.033,7340.0,123.0,10799.0,144.0
272.533,7340.0,123.0,10818.0,144.0
273.033,7340.0,123.0,10836.0,144.0
273.533,7340.0,123.0,10853.0,144.0
274.033,7340.0,123.0,10872.0,145.0
274.533,7340.0,123.0,10889.0,145.0
275.033,7340.0,123.0,10909.0,145.0
275.533,7340.0,123.0,10925.0,145.0
276.033,7340.0,123.0,10946.0,145.0
276.533,7340.0,122.0,10963.0,146.0
277.033,7341.0,122.0,10982.0,146.0
277.533,7341.0,122.0,11000.0,146.0
278.033,7341.0,122.0,11019.0,146.0
278.533,7342.0,122.0,11039.0,146.0
279.033,7342.0,122.0,11057.0,147.0
279.533,7343.0,122.0,11076.0,147.0
280.033,7343.0,122.0,11094.0,147.0
280.533,7344.0,122.0,11113.0,147.0
281.033,7344.0,122.0,11132.0,147.0
281.533,7345.0,122.0,11151.0,148.0
282.033,7345.0,122.0,11169.0,148.0
282.533,7346.0,122.0,11188.0,148.0
283.033,7347.0,122.0,11207.0,148.0
283.533,7348.0,122.0,11227.0,148.0
284.033,7348.0,122.0,11244.0,148.0
284.533,7349.0,122.0,11265.0,149.0
285.033,7350.0,122.0,11284.0,149.0
285.533,7351.0,122.0,11304.0,149.0
286.033,7352.0,122.0,11323.0,149.0
286.533,7353.0,122.0,11344.0,149.0
287.033,7354.0,122.0,11362.0,150.0
287.533,7355.0,122.0,11384.0,150.0
288.033,7356.0,122.0,11402.0,150.0
288.533,7357.0,1221.0,11423.0,150.0
289.033,7358.0,121.0,11441.0,150.0
289.533,7359.0,121.0,11463.0,150.0
290.033,7360.0,121.0,11480.0,151.0
290.533,7362.0,121.0,11502.0,151.0
291.033,7363.0,121.0,11520.0,151.0
291.533,7364.0,121.0,11541.0,151.0
292.033,7365.0,121.0,11561.0,151.0
292.533,7367.0,121.0,11581.0,152.0
293.033,7368.0,121.0,11602.0,152.0
293.533,7370.0,121.0,11622.0,152.0
294.033,7371.0,1221.0,11642.0,152.0
294.533,7373.0,120.0,11662.0,152.0
295.033,7374.0,120.0,11683.0,152.0
295.533,7376.0,120.0,11703.0,153.0
296.033,7377.0,120.0,11723.0,153.0
296.533,7379.0,120.0,11744.0,153.0
297.033,,,11764.0,153.0
297.533,,,11782.0,153.0
298.033,7384.0,120.0,11805.0,153.0
298.533,7386.0,120.0,11825.0,153.0
299.033,7388.0,120.0,11846.0,154.0
299.533,7390.0,119.0,11867.0,154.0
300.033,7392.0,119.0,11888.0,154.0
300.533,7393.0,119.0,11909.0,154.0
301.033,7395.0,119.0,11929.0,154.0
301.533,7398.0,119.0,11950.0,154.0
302.033,7400.0,119.0,11971.0,154.0
302.533,7401.0,119.0,11992.0,155.0
303.033,7403.0,119.0,12013.0,155.0
303.533,7406.0,119.0,12035.0,155.0
304.033,7408.0,118.0,12056.0,155.0
304.533,7410.0,118.0,12077.0,155.0
305.033,7413.0,118.0,12100.0,155.0
305.533,7415.0,118.0,12120.0,156.0
306.033,7417.0,118.0,12145.0,156.0
306.533,7419.0,118.0,12163.0,156.0
307.033,7422.0,117.0,12188.0,156.0
307.533,7424.0,117.0,12207.0,156.0
308.033,7427.0,117.0,12231.0,156.0
308.533,7429.0,117.0,12251.0,156.0
309.033,7432.0,117.0,12275.0,157.0
309.533,7434.0,117.0,12295.0,157.0
310.033,7437.0,117.0,12319.0,157.0
310.533,7439.0,116.0,12339.0,157.0
311.033,7442.0,116.0,12363.0,157.0
311.533,7445.0,116.0,12383.0,157.0
312.033,7447.0,116.0,12407.0,157.0
312.533,7450.0,116.0,12427.0,157.0
313.033,7453.0,116.0,12453.0,158.0
313.533,7456.0,115.0,12474.0,158.0
314.033,7459.0,115.0,12498.0,158.0
314.533,7461.0,115.0,12519.0,158.0
315.033,7465.0,115.0,12542.0,158.0
315.533,7468.0,115.0,12564.0,158.0
316.033,7471.0,115.0,12587.0,158.0
316.533,7474.0,114.0,12610.0,158.0
317.033,7477.0,114.0,12633.0,159.0
317.533,7480.0,114.0,12656.0,159.0
318.033,7483.0,114.0,12678.0,159.0
318.533,7486.0,114.0,12701.0,159.0
319.033,7489.0,113.0,12724.0,159.0
319.533,7492.0,113.0,12747.0,159.0
320.033,7496.0,113.0,12770.0,159.0
320.533,7499.0,113.0,12793.0,159.0
321.033,7502.0,113.0,12816.0,160.0
321.533,7506.0,112.0,12839.0,160.0
322.033,7509.0,112.0,12863.0,160.0
322.533,7512.0,112.0,12886.0,160.0
323.033,7516.0,112.0,12908.0,160.0
323.533,7520.0,11.0,12933.0,160.0
324.033,7522.0,1.0,12955.0,160.0
324.533,7526.0,1.0,12980.0,160.0
325.033,7530.0,1.0,13004.0,160.0
325.533,7534.0,111.0,13027.0,161.0
326.033,7537.0,110.0,13052.0,161.0
326.533,7541.0,110.0,13075.0,161.0
327.033,7544.0,110.0,13100.0,161.0
327.533,7548.0,110.0,13125.0,161.0
328.033,7553.0,109.0,13149.0,161.0
328.533,7557.0,109.0,13173.0,161.0
329.033,7560.0,109.0,13198.0,161.0
329.533,7564.0,109.0,13221.0,161.0
330.033,7568.0,109.0,13246.0,162.0
330.533,7572.0,108.0,13270.0,162.0
331.033,7576.0,108.0,13295.0,162.0
331.533,7580.0,108.0,13321.0,162.0
332.033,7584.0,108.0,13344.0,162.0
332.533,7589.0,107.0,13370.0,162.0
333.033,7592.0,107.0,13393.0,162.0
333.533,7596.0,107.0,13419.0,162.0
334.033,7601.0,107.0,13442.0,162.0
334.533,7605.0,106.0,13466.0,162.0
335.033,7609.0,106.0,13492.0,162.0
335.533,7613.0,106.0,13519.0,163.0
336.033,7618.0,105.0,13542.0,163.0
336.533,7622.0,105.0,13569.0,163.0
337.033,7627.0,105.0,13592.0,163.0
337.533,7631.0,105.0,13619.0,163.0
338.033,7635.0,104.0,13643.0,163.0
338.533,7640.0,104.0,13670.0,163.0
339.033,7644.0,104.0,13694.0,163.0
339.533,7649.0,103.0,13721.0,163.0
340.033,7653.0,103.0,13745.0,163.0
340.533,7658.0,103.0,13771.0,163.0
341.033,7663.0,103.0,13797.0,164.0
341.533,7668.0,102.0,13823.0,164.0
342.033,7672.0,102.0,13849.0,164.0
342.533,7677.0,102.0,13875.0,164.0
343.033,7681.0,101.0,13899.0,164.0
343.533,7687.0,101.0,13929.0,164.0
344.033,7692.0,101.0,13954.0,164.0
344.533,7696.0,101.0,13981.0,164.0
345.033,7701.0,100.0,14007.0,164.0
345.533,7706.0,100.0,14033.0,164.0
346.033,7711.0,100.0,14060.0,164.0
346.533,7716.0,99.7,14087.0,164.0
347.033,7721.0,99.4,14112.0,164.0
347.533,7725.0,99.1,14137.0,164.0
348.033,7730.0,98.8,14164.0,165.0
348.533,7736.0,98.4,14189.0,165.0
349.033,7741.0,98.1,14216.0,165.0
349.533,7746.0,97.8,14243.0,165.0
350.033,7751.0,97.5,14270.0,165.0
350.533,7756.0,97.1,14299.0,165.0
351.033,7761.0,96.8,14326.0,165.0
351.533,7767.0,96.5,14353.0,165.0
352.033,7772.0,96.1,14380.0,165.0
352.533,7777.0,95.8,14407.0,165.0
353.033,7784.0,95.5,14438.0,165.0
353.533,7789.0,95.1,14466.0,165.0
354.033,7795.0,94.8,14493.0,165.0
354.533,,,14521.0,165.0
355.033,7806.0,94.1,14549.0,165.0
355.533,7811.0,93.8,14577.0,166.0
356.033,7816.0,93.4,14603.0,166.0
356.533,7822.0,93.0,14633.0,166.0
357.033,7828.0,92.7,14661.0,166.0
357.533,7834.0,92.3,14689.0,166.0
358.033,7840.0,91.9,14717.0,166.0
358.533,7845.0,91.6,14744.0,166.0
359.033,7851.0,91.3,14774.0,166.0
359.533,7856.0,90.9,14802.0,166.0
360.033,7863.0,90.5,14831.0,166.0
360.533,7868.0,90.2,14859.0,166.0
361.033,7874.0,89.8,14887.0,166.0
361.533,7879.0,89.5,14914.0,166.0
362.033,7886.0,89.0,14947.0,166.0
362.533,7892.0,88.7,14974.0,166.0
363.033,7898.0,88.3,15003.0,166.0
363.533,7904.0,87.9,15034.0,166.0
364.033,7910.0,87.5,15063.0,166.0
364.533,7916.0,87.1,15092.0,166.0
365.033,7922.0,86.7,15121.0,167.0
365.533,7928.0,86.3,15150.0,167.0
366.033,7934.0,85.9,15179.0,167.0
366.533,7940.0,85.5,15209.0,167.0
367.033,7947.0,85.1,15238.0,167.0
367.533,7953.0,84.8,15266.0,167.0
368.033,7959.0,84.3,15298.0,167.0
368.533,7966.0,83.9,15328.0,167.0
369.033,7972.0,83.5,15358.0,167.0
369.533,7978.0,83.1,15388.0,167.0
370.033,7985.0,82.7,15420.0,167.0
370.533,7991.0,82.3,15449.0,167.0
371.033,7997.0,81.9,15479.0,167.0
371.533,4.0,81.4,15511.0,167.0
372.033,8011.0,81.0,15543.0,167.0
372.533,8017.0,80.6,15572.0,167.0
373.033,23.0,80.2,15601.0,167.0
373.533,8030.0,79.7,15631.0,167.0
374.033,8036.0,79.3,15662.0,167.0
374.533,8043.0,78.9,15694.0,167.0
375.033,,,15724.0,167.0
375.533,8057.0,78.0,15757.0,167.0
376.033,8063.0,77.6,15785.0,167.0
376.533,8070.0,77.1,15818.0,167.0
377.033,8077.0,76.7,15849.0,167.0
377.533,,,15881.0,167.0
378.033,8091.0,75.7,15914.0,167.0
378.533,,,15949.0,167.0
379.033,8105.0,74.8,15978.0,168.0
379.533,8112.0,74.4,16011.0,168.0
380.033,8118.0,73.9,16040.0,168.0
380.533,8126.0,73.5,16075.0,168.0
381.033,8132.0,73.0,16105.0,168.0
381.533,8139.0,72.6,16137.0,168.0
382.033,8146.0,72.1,16170.0,168.0
382.533,8153.0,71.6,16202.0,168.0
383.033,8160.0,71.2,16232.0,168.0
383.533,8167.0,70.7,16267.0,168.0
384.033,8173.0,70.2,16297.0,168.0
384.533,8181.0,69.7,16331.0,168.0
385.033,188.0,69.3,16362.0,168.0
385.533,8195.0,68.8,16397.0,168.0
386.033,8202.0,68.3,16428.0,168.0
386.533,8210.0,67.8,16464.0,168.0
387.033,8217.0,67.3,16496.0,168.0
387.533,8224.0,66.8,16530.0,168.0
388.033,8232.0,66.4,16563.0,168.0
388.533,8239.0,65.9,16597.0,168.0
389.033,8246.0,65.4,16630.0,168.0
389.533,8254.0,64.9,16664.0,168.0
390.033,8261.0,64.4,16698.0,168.0
390.533,8266.0,63.9,16732.0,168.0
391.033,8261.0,63.3,16767.0,168.0
391.533,250.0,62.9,16800.0,168.0
392.033,8236.0,62.3,16835.0,168.0
392.533,8221.0,61.8,16871.0,168.0
393.033,8206.0,61.3,16905.0,168.0
393.533,8190.0,60.8,16940.0,168.0
394.033,8172.0,60.3,16975.0,168.0
394.533,129.0,59.8,17009.0,168.0
395.033,66.0,59.3,17048.0,168.0
395.533,8007.0,58.8,17080.0,168.0
396.033,7938.0,58.3,17118.0,168.0
396.533,7878.0,57.8,17150.0,168.0
397.033,7819.0,57.3,17183.0,168.0
397.533,7755.0,56.9,17218.0,168.0
398.033,7687.0,56.3,17255.0,168.0
398.533,7626.0,55.9,17288.0,168.0
399.033,7561.0,55.4,17326.0,168.0
399.533,7492.0,549.0,17360.0,168.0
400.033,7422.0,54.4,17398.0,168.0
400.533,7357.0,54.0,17432.0,168.0
401.033,7281.0,53.5,17470.0,168.0
401.533,7209.0,53.0,17508.0,168.0
402.033,7141.0,52.6,17544.0,168.0
402.533,7058.0,52.1,17586.0,168.0
403.033,6990.0,51.6,17620.0,168.0
403.533,6912.0,51.2,17659.0,168.0
404.033,6843.0,50.8,17693.0,168.0
404.533,6762.0,50.3,17733.0,168.0
405.033,6695.0,49.9,17767.0,168.0
405.533,6617.0,49.4,17808.0,168.0
406.033,6544.0,49.1,17842.0,168.0
406.533,6459.0,48.6,17884.0,168.0
407.033,6387.0,48.2,17923.0,168.0
407.533,6307.0,47.7,17961.0,168.0
408.033,6229.0,47.4,17999.0,168.0
408.533,6155.0,47.0,18034.0,168.0
409.033,6072.0,46.6,18075.0,168.0
409.533,5996.0,46.2,18111.0,168.0
410.033,5910.0,45.8,18151.0,168.0
410.533,5833.0,45.4,18188.0,168.0
411.033,5746.0,45.0,18228.0,168.0
411.533,5664.0,44.7,18267.0,168.0
412.033,5580.0,44.3,18306.0,168.0
412.533,5498.0,43.9,18345.0,168.0
413.033,5421.0,43.6,18385.0,168.0
413.533,5380.0,43.3,18423.0,168.0
414.033,5352.0,42.9,18466.0,168.0
414.533,5334.0,42.6,18501.0,168.0
415.033,5330.0,42.2,18537.0,168.0
415.533,5335.0,41.9,18579.0,168.0
416.033,5340.0,41.6,18617.0,168.0
416.533,5346.0,41.2,18659.0,168.0
417.033,5351.0,40.8,18697.0,168.0
417.533,5357.0,40.5,18739.0,168.0
418.033,5362.0,40.1,18783.0,168.0
418.533,5367.0,39.7,18822.0,168.0
419.033,5372.0,39.4,18862.0,168.0
419.533,5377.0,39.0,18906.0,168.0
420.033,5381.0,38.6,18946.0,168.0
420.533,5385.0,38.3,18986.0,168.0
421.033,5389.0,37.9,19027.0,168.0
421.533,5392.0,37.5,19070.0,168.0
422.033,5395.0,37.2,19110.0,168.0
422.533,5398.0,36.8,19153.0,168.0
423.033,5400.0,36.4,19194.0,168.0
423.533,5403.0,36.0,19241.0,168.0
424.033,5404.0,35.6,19279.0,168.0
424.533,5406.0,35.2,19325.0,168.0
425.033,5407.0,34.8,19366.0,167.0
425.533,5408.0,34.4,19412.0,167.0
426.033,5408.0,34.0,19453.0,167.0
426.533,5408.0,33.6,19499.0,167.0
427.033,5407.0,33.3,19537.0,167.0
427.533,5406.0,32.9,19583.0,167.0
428.033,5404.0,32.5,19620.0,167.0
428.533,5400.0,32.1,19670.0,167.0
429.033,5397.0,31.7,19715.0,167.0
429.533,5392.0,31.3,19759.0,167.0
430.033,5387.0,30.9,19803.0,167.0
430.533,5380.0,30.5,19848.0,167.0
431.033,5373.0,30.1,19891.0,167.0
431.533,5365.0,29.7,19936.0,167.0
432.033,5356.0,29.3,19980.0,167.0
432.533,5345.0,28.8,20025.0,167.0
433.033,5333.0,28.4,20073.0,167.0
433.533,5320.0,28.0,20118.0,167.0
434.033,5305.0,27.6,20164.0,167.0
434.533,5291.0,27.2,20207.0,167.0
435.033,5275.0,26.8,20252.0,167.0
435.533,5256.0,26.4,20299.0,167.0
436.033,5236.0,26.0,20345.0,167.0
436.533,5216.0,25.7,20386.0,167.0
437.033,5191.0,25.2,20435.0,167.0
437.533,5164.0,24.8,20485.0,167.0
438.033,5136.0,24.4,20531.0,167.0
438.533,5106.0,24.0,20579.0,167.0
439.033,5075.0,23.6,20625.0,167.0
439.533,5040.0,23.2,20673.0,167.0
440.033,5004.0,22.8,20720.0,167.0
440.533,4964.0,22.4,20769.0,167.0
441.033,4923.0,22.0,20816.0,167.0
441.533,4876.0,21.6,20865.0,167.0
442.033,4825.0,21.2,20917.0,167.0
442.533,4778.0,20.9,20963.0,167.0
443.033,4724.0,20.5,21013.0,167.0
443.533,4670.0,20.1,21059.0,166.0
444.033,4610.0,19.8,21107.0,166.0
444.533,4545.0,19.4,21156.0,166.0
445.033,4469.0,19.0,21212.0,166.0
445.533,4400.0,18.6,21263.0,166.0
446.033,4328.0,18.3,21313.0,166.0
446.533,4254.0,17.9,21362.0,166.0
447.033,4181.0,17.6,21412.0,166.0
447.533,4104.0,17.3,21463.0,166.0
448.033,4028.0,17.0,21511.0,166.0
448.533,3946.0,16.6,21565.0,166.0
449.033,3871.0,16.3,21614.0,166.0
449.533,3785.0,16.0,21668.0,166.0
450.033,,,21717.0,166.0
450.533,3630.0,15.4,21769.0,166.0
451.033,3543.0,15.1,21824.0,166.0
451.533,3467.0,149.0,21874.0,166.0
452.033,3383.0,146.0,21929.0,166.0
452.533,3305.0,143.0,21979.0,166.0
453.033,3223.0,14.0,22035.0,166.0
453.533,3149.0,13.7,22086.0,166.0
454.033,3068.0,13.4,22141.0,166.0
454.533,2997.0,13.2,22191.0,166.0
455.033,2919.0,13.0,22248.0,166.0
455.533,2844.0,12.7,22303.0,166.0
456.033,2771.0,12.5,22358.0,166.0
456.533,2706.0,12.3,22409.0,166.0
457.033,2633.0,12.1,22467.0,166.0
457.533,2565.0,119.0,22523.0,166.0
458.033,2506.0,11.7,22575.0,166.0
458.533,2441.0,11.5,22633.0,165.0
459.033,2380.0,11.4,22689.0,165.0
459.533,,,22746.0,165.0
460.033,2266.0,11.0,22802.0,165.0
460.533,2212.0,10.8,22859.0,165.0
461.033,2160.0,10.7,22917.0,165.0
461.533,2109.0,10.5,22977.0,165.0
462.033,2065.0,10.4,23032.0,165.0
462.533,2029.0,10.3,23093.0,165.0
463.033,1971.0,10.0,23153.0,165.0
463.533,1924.0,99.0,23212.0,165.0
464.033,1883.0,9.7,23271.0,165.0
464.533,1844.0,96.0,23329.0,165.0
465.033,1808.0,9.5,23384.0,165.0
465.533,1769.0,9.3,23446.0,165.0
466.033,1734.0,9.2,23504.0,165.0
466.533,1698.0,9.1,23566.0,165.0
467.033,1666.0,9.0,23625.0,165.0
467.533,1633.0,8.8,23685.0,165.0
468.033,1602.0,8.7,23744.0,165.0
468.533,1573.0,8.6,23804.0,165.0
469.033,1544.0,8.5,23865.0,165.0
469.533,1513.0,8.4,23936.0,165.0
470.033,1488.0,8.2,23996.0,165.0
470.533,1462.0,8.1,24064.0,165.0
471.033,1439.0,8.0,24123.0,165.0
471.533,1415.0,7.9,24189.0,165.0
472.033,1396.0,7.8,24249.0,165.0
472.533,1373.0,7.7,24317.0,165.0
473.033,1355.0,7.6,24377.0,165.0
473.533,1335.0,7.5,24445.0,164.0
474.033,1317.0,7.4,24510.0,164.0
474.533,1299.0,7.3,24579.0,164.0
475.033,1284.0,7.2,24642.0,164.0
475.533,1268.0,7.1,24706.0,164.0
476.033,1253.0,7.0,24772.0,164.0
476.533,1239.0,69.0,24837.0,164.0
477.033,1226.0,6.7,24903.0,164.0
477.533,1213.0,6.7,24969.0,164.0
478.033,1201.0,6.5,25036.0,164.0
478.533,1189.0,6.4,25102.0,164.0
479.033,1177.0,6.3,25172.0,164.0
479.533,1167.0,6.2,25239.0,164.0
480.033,1156.0,6.1,25308.0,164.0
480.533,1146.0,6.0,25378.0,164.0
481.033,1138.0,5.9,25448.0,164.0
481.533,1131.0,5.8,25507.0,164.0
482.033,,,25576.0,164.0
482.533,1114.0,5.6,25645.0,164.0
483.033,1106.0,5.5,25715.0,164.0
483.533,1099.0,5.4,25784.0,164.0
484.033,1092.0,5.3,25853.0,164.0
484.533,1084.0,5.2,25925.0,164.0
485.033,1077.0,5.1,25994.0,164.0
485.533,1070.0,5.0,26067.0,164.0
486.033,1063.0,49.0,26136.0,164.0
486.533,1056.0,4.8,26208.0,164.0
487.033,1048.0,4.7,26282.0,164.0
487.533,1042.0,46.0,26354.0,164.0
488.033,1035.0,4.5,26421.0,164.0
488.533,1029.0,4.4,26491.0,164.0
489.033,1021.0,4.3,26563.0,164.0
489.533,1014.0,4.2,26643.0,164.0
490.033,,,26709.0,164.0
490.533,,,26784.0,164.0
491.033,994.0,3.9,26852.0,164.0
491.533,987.0,3.8,26931.0,164.0
492.033,980.0,3.7,26977.0,164.0
492.533,,,26986.0,164.0
493.033,968.0,3.5,26989.0,164.0
493.533,961.0,3.4,26990.0,164.0
494.033,55.0,3.3,26990.0,164.0
494.533,49.0,3.2,26991.0,164.0
495.033,943.0,3.1,26991.0,164.0
495.533,,,26991.0,164.0
496.033,933.0,29.0,26991.0,164.0
496.533,928.0,2.8,26991.0,164.0
497.033,923.0,2.7,26991.0,164.0
497.533,918.0,2.6,26991.0,164.0
498.033,914.0,2.5,26991.0,164.0
498.533,910.0,2.4,26991.0,164.0
499.033,,,26991.0,164.0
499.533,,,26991.0,164.0
500.033,,,26991.0,164.0
500.533,865.0,2.0,26991.0,164.0
501.033,843.0,1.9,26991.0,164.0
501.533,820.0,1.9,26991.0,164.0
502.033,795.0,1.8,26991.0,164.0
502.533,772.0,1.7,26991.0,164.0
503.033,747.0,1.6,26991.0,164.0
503.533,,,26991.0,164.0
504.033,698.0,1.4,26991.0,164.0
504.533,674.0,1.3,26991.0,164.0
505.033,649.0,1.2,26991.0,164.0
505.533,624.0,1.2,26991.0,164.0
506.033,601.0,1.1,26991.0,164.0
506.533,579.0,1.0,26991.0,164.0
507.033,555.0,1.0,26991.0,164.0
507.533,532.0,0.9,26991.0,164.0
508.033,510.0,0.8,26991.0,164.0
508.533,,,26991.0,164.0
509.033,468.0,0.7,26991.0,164.0
509.533,,,26991.0,164.0
510.033,431.0,0.6,26991.0,164.0
510.533,413.0,0.5,26991.0,164.0
511.033,393.0,0.5,26991.0,164.0
511.533,,,26991.0,164.0
512.033,356.0,0.4,26991.0,164.0
512.533,338.0,0.3,26991.0,164.0
513.033,320.0,0.3,26991.0,164.0
513.533,302.0,0.3,26991.0,164.0
514.033,284.0,0.2,26991.0,164.0
514.533,267.0,0.2,26991.0,164.0
515.033,250.0,0.1,26991.0,164.0
515.533,229.0,0.1,26991.0,164.0
516.033,208.0,0.1,26991.0,164.0
516.533,184.0,0.1,26991.0,164.0
517.033,164.0,0.0,26991.0,164.0
517.533,143.0,0.0,26991.0,164.0
518.033,129.0,0.0,26991.0,164.0
518.533,116.0,0.0,26991.0,164.0
519.033,3.0,0.0,26991.0,164.0
519.533,2.0,0.0,26991.0,164.0
520.033,81.0,-0.0,26991.0,164.0
520.533,70.0,-0.0,26991.0,164.0
521.033,61.0,-0.0,26991.0,164.0
521.533,48.0,-0.0,26991.0,164.0
522.033,35.0,-0.0,26991.0,164.0
522.533,23.0,-0.0,26991.0,164.0
523.033,13.0,-0.0,26991.0,164.0
523.533,,,26991.0,164.0
524.033,,,26991.0,164.0
524.533,,,26991.0,164.0
525.033,2.0,-0.0,26991.0,164.0
525.533,1.0,-0.0,26991.0,164.0
526.033,,,26991.0,164.0
526.533,,,26991.0,164.0
527.033,,,26991.0,164.0
527.533,,,26991.0,164.0
528.033,,,26991.0,164.0
528.533,,,26991.0,164.0
529.033,,,26991.0,164.0
529.533,1.0,-0.0,26991.0,164.0
530.033,,,26991.0,164.0
530.533,,,26991.0,164.0
531.033,,,26991.0,164.0
531.533,,,26991.0,164.0
532.033,,,26991.0,164.0
532.533,,,26991.0,164.0
533.033,,,26991.0,164.0
533.533,,,26991.0,164.0
534.033,,,26991.0,164.0
534.533,,,26991.0,164.0
535.033,,,26991.0,164.0
535.533,,,26991.0,164.0
536.033,,,26991.0,164.0
