t,v1,h1,a1,v2,h2,a2
0.017,,,,,,
,,,,,,
,,,,,,
,,,,,,
,,,,,,
,,,,,,
,,,,,,
,,,,,,
,,,,,,
,,,,,,
,,,,,,
,,,,,,
,,,,,,
3.27,16.0,0.0,,,,
3.52,17.0,0.0,,,,
3.77,17.0,0.0,,,,
4.021,14.0,0.0,,,,
4.271,15.0,0.0,,,,
4.521,16.0,0.0,,,,
4.771,16.0,0.0,,,,
5.022,17.0,0.0,,,,
5.272,18.0,0.0,0.022742871531204408,,,
,,,,,,
5.772,24.0,0.0,0.056721804592706274,,,
,,,,,,
,,,,,,
6.523,33.0,0.0,0.09065549273668286,,,
6.773,36.0,0.0,0.1133081147776841,,,
7.024,39.0,0.0,0.14715167360388112,,,
7.274,42.0,0.0,0.21497416549158008,,,
7.524,45.0,0.0,0.23762678753258132,,,
7.774,49.0,0.0,0.2716057205940832,,,
8.025,53.0,0.0,0.31673046569567925,,,
8.275,57.0,0.0,0.3507545235022827,,,
8.525,60.0,0.0,0.37340714554328397,,,
8.775,64.0,0.0,0.3847334565637846,,,
9.026,67.0,0.0,0.38464332724600514,,,
,,,,,,
9.526,74.0,0.0,0.39030648275625546,,,
9.776,78.0,0.0,0.40176816801206094,,,
10.027,82.0,0.0,0.41291398005215524,,,
10.277,86.0,0.0,0.4242402910726559,,,
10.527,89.0,0.0,0.41291398005215524,,,
10.777,93.0,0.0,0.4130944790325617,,,
11.028,96.0,0.0,0.40163279377675615,,,
11.278,100.0,0.1,0.4129591047972567,,,
11.528,104.0,0.1,0.4129591047972567,,,
,,,,,,
12.029,112.0,0.1,0.42433036042415595,,,
12.279,116.0,0.1,0.42999351593440627,,,
12.529,120.0,0.1,0.42999351593440627,,,
12.779,124.0,0.1,0.43017401491481255,,,
13.03,128.0,0.1,0.42999351593440627,,,
13.28,132.0,0.1,0.4413198269549069,,,
13.53,136.0,0.1,0.4413198269549069,,,
13.78,140.0,0.1,0.45278151221071244,,,
14.031,143.0,0.1,0.4413198269549069,,,
,,,,,,
,,,,,,
14.781,155.0,0.2,0.4413198269549069,,,
15.032,159.0,0.2,0.4412297576034067,,,
15.282,163.0,0.2,0.4412297576034067,,,
15.532,167.0,0.2,0.4412297576034067,,,
15.782,172.0,0.2,0.45255606862390735,,,
16.033,176.0,0.2,0.452556068623907,,,
16.283,180.0,0.3,0.452556068623907,,,
,,,,,,
16.783,189.0,0.3,0.45821922413415733,,,
,,,,,,
,,,,,,
17.534,201.0,0.3,0.4581588975774571,,,
,,,,,,
18.035,210.0,0.4,0.4751820050109934,,,
18.285,214.0,0.4,0.4751820050109934,,,
18.535,218.0,0.4,0.4753625039913997,,,
18.785,223.0,0.4,0.4866888150119003,,,
19.036,227.0,0.4,0.4865083160314937,,,
19.286,232.0,0.4,0.4865083160314937,,,
19.536,236.0,0.5,0.4866888150119003,,,
19.786,241.0,0.5,0.4980151260324009,,,
20.037,245.0,0.5,0.4921714715417446,,,
20.287,249.0,0.5,0.49223179809844486,,,
20.537,253.0,0.5,0.48667037592071416,,,
20.787,258.0,0.5,0.4979966869412148,,,
21.038,263.0,0.6,0.5090973742362072,,,
21.288,268.0,0.6,0.5090973742362072,,,
21.538,272.0,0.6,0.5092778732166138,,,
21.788,276.0,0.6,0.49795156219611314,,,
22.039,280.0,0.6,0.4977710632157065,,,
22.289,285.0,0.7,0.4977710632157065,,,
22.539,289.0,0.7,0.4979515621961125,,,
22.789,294.0,0.7,0.5092778732166131,,,
23.04,299.0,0.7,0.5203785605116062,,,
23.29,303.0,0.7,0.5090522494911056,,,
23.54,308.0,0.8,0.5092778732166139,,,
23.79,313.0,0.8,0.5092778732166139,,,
,,,,,,
,,,,,,
,,,,,,
,,,,,,
25.042,336.0,0.9,0.5159904313453769,,,
25.292,341.0,0.9,0.5273167423658776,,,
25.542,346.0,1.0,0.5388235523667848,,,
,,,,,,
26.043,356.0,1.0,0.5387105153306523,,,
,,,,,,
26.543,365.0,1.0,0.5443736708409026,,,
,,,,,,
,,,,,,
27.294,380.0,1.1,0.544298262645027,,,
,,,,,,
27.794,390.0,1.2,0.5445238863705345,,,
28.045,394.0,1.2,0.5443433873901279,,,
,,,,,,
28.545,404.0,1.3,0.5443433873901279,,,
28.795,410.0,1.3,0.5556696984106285,,,
29.046,415.0,1.3,0.5600578275768586,,,
,,,,,,
29.546,424.0,1.4,0.5543946720666083,,,
29.796,430.0,1.4,0.5657209830871089,,,
30.047,435.0,1.4,0.5656083963977332,,,
30.297,440.0,1.5,0.5712715519079835,,,
30.547,445.0,1.5,0.5713469601038591,,,
30.797,451.0,1.5,0.5826732711243597,,,
31.048,455.0,1.6,0.5826732711243603,,,
31.298,460.0,1.6,0.5826732711243603,,,
31.548,465.0,1.6,0.5713469601038597,,,
,,,,,,
,,,,,,
32.299,482.0,1.7,0.5790379952210419,,,
32.549,487.0,1.8,0.5847011507312923,,,
32.799,493.0,1.8,0.5847011507312923,,,
33.05,498.0,1.8,0.584701150731293,,,
,,,,,,
,,,,,,
,,,,,,
,,,,,,
34.301,526.0,2.0,0.5914462360312711,,,
,,,,,,
,,,,,,
,,,,,,
35.302,547.0,2.2,0.5942184100572679,,,
,,,,,,
35.802,558.0,2.2,0.5885552545470176,,,
36.053,563.0,2.3,0.5998364408224168,,,
36.303,569.0,2.3,0.6111627518429174,,,
36.553,574.0,2.4,0.6111627518429174,,,
,,,,,,
37.054,586.0,2.5,0.6148880070283833,,,
37.304,593.0,2.5,0.6375406290693846,,,
37.554,598.0,2.5,0.6262143180488839,,,
37.804,604.0,2.6,0.6377662527948921,,,
38.055,609.0,2.6,0.6307955437694064,,,
38.305,616.0,2.7,0.6506759917844109,,,
38.555,622.0,2.7,0.6563391472946611,,,
38.805,628.0,2.7,0.6678910820406693,,,
,,,,,,
39.306,639.0,2.8,0.6621035857906732,,,
,,,,,,
,,,,,,
40.057,656.0,3.0,0.6695689971823477,,,
40.307,663.0,3.0,0.6810309526462083,,,
40.557,669.0,3.1,0.6697046416257076,,,
40.807,676.0,3.1,0.6923572636667089,,,
41.058,681.0,3.2,0.6808053289207008,,,
41.308,688.0,3.2,0.7036835746872095,,,
41.558,694.0,3.2,0.6923572636667089,,,
41.808,699.0,3.3,0.6810309526462083,,,
,,,,,,
42.309,713.0,3.4,0.6921990118161234,,,
42.559,719.0,3.5,0.6979865080661194,,,
42.809,725.0,3.5,0.7018474076949456,,,
43.06,731.0,3.5,0.6902503482038341,,,
43.31,738.0,3.6,0.7015766592243348,,,
43.56,743.0,3.6,0.6789240371833335,,,
43.81,749.0,3.7,0.6904759719293416,,,
44.061,755.0,3.7,0.6788789124382321,,,
44.311,762.0,3.8,0.6902052234587326,,,
44.561,769.0,3.8,0.7128578454997339,,,
44.811,775.0,3.9,0.7016897863298187,,,
45.062,779.0,3.9,0.6788566653084115,,,
45.312,786.0,4.0,0.6901829763289121,,,
45.562,793.0,4.0,0.7017800358200237,,,
,,,,,,
46.063,807.0,4.2,0.7016217839694371,,,
,,,,,,
46.563,817.0,4.2,0.7016217839694371,,,
,,,,,,
,,,,,,
,,,,,,
,,,,,,
,,,,,,
,,,,,,
,,,,,,
,,,,,,
,,,,,,
,,,,,,
,,,,,,
,,,,,,
49.816,864.0,5.0,0.6745751242684691,,,
50.067,868.0,5.1,0.6520127517176708,,,
50.317,872.0,5.1,0.6180338186561689,,,
50.567,874.0,5.2,0.5614022635536658,,,
50.817,878.0,5.2,0.5387496415126646,,,
51.068,880.0,5.3,0.5161872689618663,,,
,,,,,,
51.568,886.0,4.0,0.47088202487986386,,,
,,,,,,
,,,,,,
,,,,,,
,,,,,,
52.819,905.0,5.7,0.4346034251523289,,,
,,,,,,
,,,,,,
,,,,,,
53.82,919.0,6.0,0.39507998594507776,,,
,,,,,,
54.321,925.0,1.0,0.37235954168239704,,,
54.571,929.0,2.0,0.37675357934236375,,,
,,,,,,
,,,,,,
,,,,,,
,,,,,,
,,,,,,
56.073,951.0,6.0,0.3731033419722941,,,
,,,,,,
56.573,958.0,6.7,0.3674401864620438,,,
,,,,,,
,,,,,,
,,,,,,
,,,,,,
,,,,,,
58.075,983.0,7.0,0.39191768684323214,,,
,,,,,,
,,,,,,
,,,,,,
59.076,1004.0,7.3,0.40601617188972955,,,
59.326,1011.0,7.4,0.46273797648243564,,,
59.576,1017.8,7.5,0.5057779583603375,,,
59.826,1025.0,7.5,0.5443218202919731,,,
60.077,1030.0,7.6,0.5611252655833021,,,
,,,,,,
,,,,,,
60.827,1050.0,7.8,0.6027228948801505,,,
,,,,,,
61.328,1066.0,7.9,0.6478472797043398,,,
61.578,1075.0,8.0,0.7083095711573185,,,
61.828,1083.0,8.0,0.7592779707495713,,,
,,,,,,
62.329,1098.0,8.2,0.7969256254269377,,,
,,,,,,
,,,,,,
,,,,,,
,,,,,,
,,,,,,
63.83,1151.0,8.7,0.8375043220290397,,,
64.081,1159.0,8.7,0.8484696350887257,,,
64.331,1165.0,8.8,0.8394085862723258,,,
,,,,,,
,,,,,,
65.082,1192.0,9.0,0.8596602113566518,,,
,,,,,,
65.582,1209.0,9.2,0.8995279236539114,,,
,,,,,,
,,,,,,
,,,,,,
66.583,1247.0,9.5,0.9315116457497635,,,
66.833,1255.0,9.6,0.9316925050075767,,,
,,,,,,
,,,,,,
,,,,,,
67.834,1289.0,9.9,0.9259331720311179,,,
68.085,1298.0,10.0,0.9368533603457081,,,
,,,,,,
,,,,,,
,,,,,,
69.086,1335.0,10.3,0.956739296472556,,,
,,,,,,
,,,,,,
69.836,1362.0,10.6,0.9586936699264597,,,
70.087,1371.0,10.7,0.9699748562018584,,,
,,,,,,
70.587,1391.0,10.8,1.015280100283861,,,
,,,,,,
71.088,1409.0,11.0,1.0152123683713985,,,
71.338,1418.0,11.1,1.020875523881649,,,
71.588,1428.0,11.2,1.0266461718541322,,,
71.838,1438.0,11.3,1.0492987938951335,,,
72.089,1447.0,11.4,1.054652004165676,,,
72.339,1459.0,11.5,1.0890370599330883,,,
72.589,1467.0,11.5,1.0749838348706895,,,
72.839,1478.0,11.6,1.0976364569116908,,,
73.09,1486.0,11.7,1.086355270636292,,,
73.34,1497.0,11.8,1.0976815816567926,,,
73.59,1507.0,11.9,1.10921135934233,,,
73.84,1518.0,12.0,1.1318639813833313,,,
74.091,1527.0,12.1,1.1201315476569202,,,
74.341,1537.0,12.2,1.1201315476569202,,,
74.591,1548.0,12.3,1.1431902924038377,,,
74.841,1558.0,12.4,1.1205376703628365,,,
75.092,1569.0,12.5,1.1540202312282184,,,
75.342,1580.0,12.6,1.1540202312282184,,,
75.592,1590.0,12.7,1.1770338512300342,,,
75.842,1601.0,12.8,1.1770338512300342,,,
,,,,,,
76.343,1622.0,13.0,1.1824596289644047,,,
76.593,1631.0,13.1,1.1598070069234034,,,
76.843,1642.0,13.2,1.1828657516703152,,,
77.094,1652.0,13.3,1.1824145042193035,,,
77.344,1663.0,13.4,1.1824145042193035,,,
77.594,1673.0,13.5,1.1824145042193035,,,
77.844,1684.0,13.5,1.1829108764154235,,,
78.095,1693.0,13.6,1.1598521316685058,,,
78.345,1704.0,13.8,1.1711784426890064,,,
78.595,1716.0,13.9,1.182504753709507,,,
78.845,1727.0,14.0,1.1884052869956374,,,
79.096,1736.0,14.0,1.187999164289721,,,
79.346,1747.0,14.2,1.187999164289721,,,
79.596,1757.0,14.3,1.1884504117407326,,,
79.846,1769.0,14.4,1.1997767227612333,,,
80.097,1779.0,14.5,1.1993254753102216,,,
,,,,,,
,,,,,,
,,,,,,
,,,,,,
81.348,1837.0,15.0,1.2060162377755688,,,
81.598,1846.0,15.1,1.206422360481485,,,
81.848,1858.0,15.2,1.2177486715019856,,,
82.099,1870.0,15.3,1.217207174560764,,,
82.349,1883.0,15.4,1.2398597966017653,,,
82.599,1892.0,15.5,1.2402659193076815,,,
82.849,1905.0,15.6,1.2629185413486828,,,
83.1,1916.0,15.8,1.2737484801730705,,,
,,,,,,
,,,,,,
83.85,1951.0,16.1,1.269973043166237,,,
84.101,1962.0,16.2,1.2812542294416294,,,
84.351,1974.0,16.2,1.2858897779967828,,,
84.601,1986.0,16.4,1.3198687110582847,,,
84.851,1998.0,16.5,1.3198687110582847,,,
85.102,2010.0,16.5,1.3198687110582847,,,
85.352,2023.0,16.7,1.3198687110582847,,,
85.602,2033.0,16.8,1.3311950220787854,,,
,,,,,,
86.103,2059.0,17.0,1.3309011257848429,,,
86.353,2072.0,17.2,1.354050120021957,,,
86.603,2084.0,17.2,1.3578255570287907,,,
86.853,2098.0,17.4,1.3923008622864124,,,
87.104,2110.0,17.5,1.3917593653451907,,,
87.354,2124.0,17.6,1.414411987386192,,,
87.604,2137.0,17.8,1.4257382984066926,,,
,,,,,,
88.105,2160.0,17.9,1.4203566546545574,,,
88.355,2174.0,18.1,1.431682965675058,,,
88.605,2185.0,18.1,1.4430092766955587,,,
88.855,2199.0,18.4,1.4546294840100016,,,
89.106,2211.0,18.4,1.442761676048287,,,
89.356,2227.0,18.5,1.4880669201302894,,,
89.606,2239.0,18.7,1.4654142980892881,,,
89.856,2252.0,18.8,1.4772821060510106,,,
90.107,2263.0,18.9,1.4428068007933887,,,
90.357,2279.0,19.0,1.4767857338548906,,,
,,,,,,
90.857,2305.0,19.3,1.4940351855687481,,,
91.108,2315.0,19.4,1.4482786940357275,,,
91.358,2329.0,19.5,1.4822576270972294,,,
91.608,2342.0,19.6,1.4709313160767288,,,
91.858,2357.0,19.8,1.5054517460794448,,,
92.109,2369.0,19.8,1.4596050050562281,,,
92.359,2387.0,20.0,1.527562871179232,,,
92.609,2400.0,20.2,1.527562871179232,,,
92.859,2413.0,20.3,1.550711865416353,,,
93.11,2426.0,20.3,1.5161463106685278,,,
93.36,2444.0,20.6,1.5727778657710307,,,
93.61,2456.0,20.7,1.59588173526305,,,
93.86,2470.0,20.7,1.59588173526305,,,
94.111,2483.0,21.0,1.5952951135767266,,,
94.361,2498.0,21.0,1.5952951135767266,,,
94.611,2512.0,21.2,1.618489232558942,,,
94.861,2526.0,21.3,1.5731839884769394,,,
95.112,2540.0,21.5,1.5838785530660235,,,
95.362,2555.0,21.5,1.6065311751070248,,,
95.612,2571.0,21.7,1.6410967298548502,,,
95.862,2588.0,21.9,1.6297704188343496,,,
96.113,2600.0,22.0,1.629228921893128,,,
96.363,2615.0,22.0,1.6405552329136286,,,
96.613,2630.0,22.2,1.6637944766409534,,,
96.863,2646.0,22.4,1.675120787661454,,,
97.114,2658.0,22.5,1.651926668679231,,,
97.364,2673.0,22.6,1.6632529796997315,,,
97.614,2688.0,22.7,1.6752110371516487,,,
97.864,2705.0,23.0,1.69786365919265,,,
98.115,2719.0,23.0,1.6745792907202324,,,
98.365,2736.0,23.2,1.6745792907202324,,,
98.615,2749.0,23.3,1.6864470986819546,,,
98.865,2767.0,23.5,1.7204260317434565,,,
99.116,2780.0,23.5,1.6971867880161318,,,
99.366,2797.0,23.8,1.7085130990366324,,,
99.616,2811.0,23.8,1.7317072180188553,,,
99.866,2828.0,24.1,1.7543598400598566,,,
100.117,2842.0,24.1,1.7424017826079305,,,
,,,,,,
,,,,,,
,,,,,,
,,,,,,
,,,,,,
,,,,,,
101.868,2954.0,25.1,1.7309719758842168,,,
102.119,2971.0,25.3,1.7648155347104042,,,
102.369,2986.0,25.4,1.742162912669403,,,
102.619,3000.0,25.5,1.7534892236899036,,,
102.869,3018.0,25.6,1.7534892236899036,,,
103.12,3034.0,25.8,1.7873327825161,,,
103.37,3051.0,26.0,1.7873327825161,,,
103.62,3064.0,26.0,1.7760064714955994,,,
103.87,3082.0,26.3,1.7873327825161,,,
104.121,3096.0,26.3,1.787332782516109,,,
104.371,3115.0,26.5,1.821415211280824,,,
104.621,3131.0,26.7,1.810856020927054,,,
,,,,,,
,,,,,,
105.372,3180.0,27.1,1.8257114355145272,,,
105.622,3193.0,27.2,1.8143851244940266,,,
105.872,3212.0,27.4,1.8257114355145272,,,
106.123,3227.0,27.5,1.8144302492391284,,,
106.373,3248.0,27.7,1.859735493321131,,,
106.623,3265.0,27.9,1.9050407374031333,,,
106.873,3282.0,28.0,1.8937144263826329,,,
107.124,3295.0,28.1,1.8824332401072335,,,
107.374,3314.0,28.3,1.8824332401072335,,,
107.624,3329.0,28.4,1.8711069290867328,,,
107.874,3350.0,28.6,1.9242093806222633,,,
108.125,3368.0,28.8,1.980028690312934,,,
,,,,,,
108.625,3399.0,29.0,1.9403866017411817,,,
108.875,3418.0,29.2,1.9863687169997115,,,
109.126,3436.0,29.4,1.951577538526377,,,
109.376,3455.0,29.5,1.9742301605673782,,,
109.626,3469.0,29.7,1.9402512275058763,,,
109.876,3488.0,29.8,2.008795715315195,,,
110.127,3507.0,30.0,2.007938345158273,,,
110.377,3525.0,30.2,2.041917278219775,,,
110.627,3540.0,30.3,1.9739594120967712,,,
110.877,3562.0,30.5,2.020076901590606,,,
111.128,3581.0,30.7,2.058861620005424,,,
111.378,3598.0,30.8,2.036208997964423,,,
,,,,,,
,,,,,,
112.129,3653.0,31.3,2.0405201836648774,,,
112.379,3672.0,31.5,2.0405201836648774,,,
112.629,3691.0,31.7,2.0971517387673804,,,
,,,,,,
113.13,3729.0,32.0,2.09672219803008,,,
113.38,3745.0,32.1,2.0636006351255007,,,
113.63,3765.0,32.3,2.0862532571665016,,,
113.88,3787.0,32.5,2.1655374343100062,,,
114.131,3805.0,32.7,2.1194199448161712,,,
114.381,3821.0,32.8,2.0862983819116034,,,
114.631,3840.0,32.9,2.1089510039526047,,,
114.881,3863.0,33.2,2.162083618766486,,,
115.132,3880.0,33.3,2.1386638760587537,,,
115.382,3898.0,33.5,2.1273375650382533,,,
115.632,3918.0,33.6,2.139093416796054,,,
115.882,3936.0,33.9,2.1617460388370553,,,
116.133,3956.0,34.0,2.160843543935032,,,
116.383,3974.0,34.1,2.1155382998530294,,,
116.633,3993.0,34.2,2.1276768562853627,,,
116.883,4014.0,34.4,2.1843084113878657,,,
117.134,4034.0,34.5,2.1947322275063303,,,
117.384,4058.0,34.7,2.2060585385268308,,,
,,,,,,
117.884,4093.0,35.0,2.212488814703812,,,
118.135,4113.0,35.2,2.234238941842777,,,
118.385,4136.0,35.4,2.2682178749042787,,,
118.635,4155.0,35.6,2.2795441859247796,,,
118.885,4179.0,35.8,2.3257519249088054,,,
119.136,4197.0,35.9,2.3249396794969845,,,
119.386,4219.0,36.1,2.3589186125584862,,,
119.636,4236.0,36.3,2.3136133684764837,,,
119.886,4259.0,36.5,2.348494796440022,,,
120.137,4278.0,36.7,2.2910058711805843,,,
120.387,4300.0,36.9,2.341974270772837,,,
120.637,4318.0,37.0,2.320224143633872,,,
120.887,4341.0,37.2,2.320224143633872,,,
121.138,4360.0,37.4,2.3193667734769376,,,
,,,,,,
121.638,4402.0,37.8,2.285387840415436,,,
121.888,4426.0,38.0,2.3541579519502607,,,
,,,,,,
122.389,4467.0,38.3,2.33670503357137,,,
122.639,4487.0,38.5,2.3706839666328716,,,
122.889,4510.0,38.7,2.3706839666328716,,,
123.14,4534.0,38.9,2.4270898980098656,,,
,,,,,,
123.64,4580.0,39.3,2.4384162090303665,,,
123.89,4600.0,39.5,2.4610688310713678,,,
,,,,,,
124.391,4644.0,39.9,2.4492451570918807,,,
,,,,,,
124.891,4689.0,40.3,2.489744615820567,,,
125.142,4706.0,40.4,2.4436722510718445,,,
125.392,4729.0,40.6,2.432345940051344,,,
125.642,4748.0,40.8,2.415819925368733,,,
125.892,4772.0,41.0,2.4611251694507357,,,
126.143,4792.0,41.2,2.4262437414871973,,,
126.393,4818.0,41.4,2.4499793574106423,,,
126.643,4837.0,41.6,2.40467411332864,,,
126.893,4862.0,41.8,2.4613056684311427,,,
127.144,4881.0,42.0,2.426966728171693,,,
127.394,4908.0,42.2,2.4779351277639456,,,
127.644,4922.0,42.3,2.444723315369164,,,
127.894,4950.0,42.6,2.501354870471667,,,
128.145,4971.0,42.7,2.52305987286553,,,
128.395,4997.0,43.0,2.5457124949065313,,,
128.645,5021.0,43.2,2.59192023389057,,,
128.895,5046.0,43.4,2.5805939228700696,,,
129.146,5066.0,43.6,2.591017738988559,,,
129.396,5091.0,43.8,2.591017738988559,,,
129.646,5116.0,44.0,2.6598329752684973,,,
129.896,5139.0,44.2,2.614527731186495,,,
130.147,5159.0,44.4,2.6815831024074623,,,
130.397,5183.0,44.6,2.6362778583254602,,,
130.647,5208.0,44.8,2.6825307220546004,,,
130.897,5234.0,45.1,2.6825307220546004,,,
131.148,5258.0,45.3,2.681447728172157,,,
131.398,5287.0,45.5,2.7267529722541597,,,
131.648,5310.0,45.7,2.7616344002176723,,,
131.898,5331.0,45.9,2.7163291561356697,,,
132.149,5352.0,46.1,2.670076292406529,,,
132.399,5381.0,46.3,2.738034158529533,,,
132.649,5403.0,46.6,2.7615892754725704,,,
132.899,5426.0,46.8,2.7502629644520695,,,
133.15,5448.0,47.0,2.715291286998328,,,
133.4,5478.0,47.2,2.7605965310803304,,,
133.65,5501.0,47.4,2.7503532139422733,,,
133.9,5526.0,47.6,2.7050479698602707,,,
134.151,5549.0,47.8,2.7040101007229294,,,
134.401,5578.0,48.1,2.7946205888869344,,,
134.651,5601.0,48.3,2.8182208305750738,,,
134.901,5624.0,48.5,2.75026296445207,,,
135.152,5648.0,48.7,2.771832592610658,,,
135.402,5676.0,49.0,2.828464147713161,,,
135.652,5700.0,49.2,2.8521095141464023,,,
135.902,5727.0,49.4,2.8181305810849007,,,
136.153,5750.0,49.6,2.817092711947559,,,
136.403,5776.0,49.8,2.8284190229680597,,,
136.653,5800.0,50.1,2.840783203125902,,,
136.903,5828.0,50.3,2.829456892105401,,,
137.154,5853.0,50.5,2.850981395518857,,,
137.404,5881.0,50.8,2.90761295062136,,,
137.654,5909.0,51.0,2.9540011885857753,,,
137.904,5938.0,51.3,2.965327499606276,,,
138.155,5958.0,51.4,2.9191197606222374,,,
138.405,5984.0,51.7,2.9077934496017366,,,
138.655,6012.0,51.9,2.9654628738415814,,,
138.905,6041.0,52.2,2.9994418069030835,,,
139.156,6064.0,52.4,2.9870776267452412,,,
,,,,,,
139.656,6115.0,52.8,2.9587618491939898,,,
139.906,6143.0,53.1,2.9938689008830366,,,
140.157,6168.0,53.3,2.9587618491939898,,,
140.407,6198.0,53.5,2.9814144712349906,,,
140.657,6225.0,53.8,2.9587618491939898,,,
140.907,6256.0,54.0,3.0842537653215327,,,
141.158,6281.0,54.2,3.0717993356735187,,,
141.408,6311.0,54.5,3.09445195771452,,,
141.658,6334.0,54.7,3.026494091591516,,,
141.908,6364.0,55.0,3.106816137872362,,,
142.159,6392.0,55.2,3.133868422560763,,,
142.409,6424.0,55.5,3.1791736666427655,,,
142.659,6449.0,55.7,3.180301785270311,,,
142.909,6479.0,55.9,3.180301785270311,,,
143.16,6505.0,56.2,3.167802230877163,,,
143.41,6538.0,56.4,3.1904548529181644,,,
143.66,6565.0,56.6,3.214235593586679,,,
143.91,6595.0,56.9,3.214235593586679,,,
144.161,6622.0,57.1,3.2583224695509325,,,
144.411,6653.0,57.4,3.2696487805714334,,,
144.661,6681.0,57.6,3.2709122734342837,,,
144.911,6712.0,57.9,3.2595859624137833,,,
145.162,6741.0,58.1,3.303582588887833,,,
145.412,6771.0,58.4,3.303582588887833,,,
145.662,6797.0,58.6,3.30475583226048,,,
145.912,6825.0,58.9,3.2481242771579772,,,
146.163,6848.0,59.1,3.201781163938633,,,
146.413,6877.0,59.4,3.1904548529181325,,,
146.663,6901.0,59.6,3.1576942879743792,,,
146.913,6929.0,59.9,3.1237153549128776,,,
147.164,6949.0,60.1,3.032202371846862,,,
147.414,6975.0,60.3,2.9755708167443586,,,
147.664,6999.0,60.5,2.9202478792498083,,,
147.914,7028.0,60.8,2.9089215682293075,,,
148.165,7051.0,61.1,2.873904766030464,,,
148.415,7078.0,61.4,2.8625784550099636,,,
148.665,7100.0,61.6,2.8522900131268045,,,
148.915,7127.0,61.9,2.8296373910858033,,,
149.166,7149.0,62.1,2.805992024652562,,,
149.416,7177.0,62.4,2.805992024652562,,,
149.666,7200.0,62.6,2.8408734526160746,,,
149.916,7227.0,62.9,2.8521997636365755,,,
150.167,7247.0,63.1,2.8059920246525367,,,
150.417,7270.0,63.3,2.738034158529533,,,
150.667,7292.0,63.6,2.727745716646374,,,
150.917,7314.0,63.9,2.671114161543871,,,
151.168,7326.0,64.1,2.557309554397643,,,
151.418,7334.0,64.3,2.342109645008131,,,
151.668,7336.0,64.6,2.1165761689903584,,,
151.918,7334.0,64.9,1.7767868383753398,,,
152.169,7332.0,65.1,1.493719312353028,,,
152.419,7328.0,65.4,1.1426036707175085,,,
152.669,7324.0,65.6,0.8716747011275299,,,
152.919,7320.0,65.9,0.565864303574013,,,
153.17,7316.0,66.2,0.271560716021399,,,
153.42,7311.0,66.5,-0.03424968153211783,,,
153.67,7307.0,66.7,-0.21492916091890607,,,
153.92,7302.0,67.0,-0.36217120418541415,,,
154.171,7296.0,67.2,-0.45251094387880825,,,
154.421,7288.0,67.5,-0.520468810001812,,,
154.671,7281.0,67.7,-0.5771906145945187,,,
154.921,7277.0,67.9,-0.5771906145945187,,,
155.172,7273.0,68.1,-0.5770101156141114,,,
155.422,7268.0,68.4,-0.588336426634612,,,
155.672,7263.0,68.6,-0.5998432366355149,,,
155.922,7259.0,68.9,-0.5885169256150142,,,
156.173,7255.0,69.2,-0.588336426634607,,,
156.423,7251.0,69.4,-0.5770101156141063,,,
156.673,7247.0,69.7,-0.554628242043716,,,
156.923,7242.0,69.9,-0.5206493089822141,,,
157.174,7238.0,70.1,-0.486489876940305,,,
157.424,7233.0,70.4,-0.4978161879608056,,,
157.674,7230.0,70.6,-0.4866703759207122,,,
157.924,7226.0,70.9,-0.47534406490021164,,,
158.175,7222.0,71.1,-0.4638372548993038,,,
158.425,7218.0,71.3,-0.4638372548993038,,,
158.675,7214.0,71.6,-0.464017753879711,,,
158.925,7210.0,71.8,-0.464017753879711,,,
159.176,7206.0,72.1,-0.4638372548993089,,,
,,,,,,
159.676,7198.0,72.5,-0.45251094387880825,,,
159.926,7194.0,72.8,-0.4526914428592155,,,
160.177,7190.0,73.0,-0.4411846328583076,,,
160.427,7186.0,73.3,-0.45251094387880825,,,
160.677,7182.0,73.5,-0.45251094387880825,,,
160.927,7178.0,73.7,-0.4526914428592155,,,
161.178,7174.0,74.0,-0.45251094387880825,,,
161.428,7170.0,74.2,-0.45251094387880825,,,
161.678,7166.0,74.4,-0.45251094387880825,,,
161.928,7162.0,74.7,-0.45269144285921037,,,
162.179,7158.0,74.9,-0.45251094387880314,,,
162.429,7154.0,75.2,-0.45251094387880314,,,
162.679,7150.0,75.4,-0.45269144285921037,,,
162.929,7146.0,75.6,-0.45269144285921037,,,
163.18,7143.0,75.8,-0.4412297576034043,,,
163.43,7139.0,76.1,-0.4412297576034043,,,
163.68,7137.0,76.3,-0.41875763454281034,,,
163.93,7133.0,76.6,-0.41875763454281034,,,
164.181,7130.0,76.8,-0.4072959492870043,,,
164.431,7127.0,77.0,-0.39596963826650367,,,
164.681,7124.0,77.2,-0.38482382622641026,,,
164.931,7121.0,77.5,-0.3734975152059097,,,
,,,,,,
165.432,7114.0,77.9,-0.3677552337703683,,,
165.682,7110.0,78.1,-0.3677552337703683,,,
165.932,7107.0,78.4,-0.36789060800567375,,,
166.183,7103.0,78.6,-0.36771010902526646,,,
166.433,7100.0,78.8,-0.3790364200457671,,,
166.683,7097.0,79.0,-0.36771010902526646,,,
166.933,7093.0,79.2,-0.3791717942810725,,,
,,,,,,
167.434,7085.0,79.7,-0.39040767567266654,,,
167.684,7081.0,79.9,-0.4017339866931672,,,
167.934,7076.0,80.1,-0.4243866087341684,7257.0,81.0,
168.185,7070.0,80.4,-0.45251076374010013,7260.0,81.3,
168.435,7060.0,80.6,-0.5204686298631038,7263.0,81.4,
168.685,7049.0,80.8,-0.6110791180271089,7266.0,81.7,
168.935,7038.0,81.1,-0.6905437941510204,7270.0,81.9,
169.186,7029.0,81.3,-0.7580955375681079,,,
169.436,7016.0,81.5,-0.8713586477731141,7276.0,82.3,
169.686,7004.0,81.7,-0.9619691359371191,7280.0,82.6,
,,,,7283.0,82.8,
170.187,6982.0,82.1,-1.041095061230037,7286.0,83.0,0.29428089007603075
170.437,6969.0,82.4,-1.1430318604145424,7289.0,83.2,0.328124448902231
170.687,6958.0,82.5,-1.2109897265375462,7293.0,83.4,0.3734296929842335
170.937,6944.0,82.8,-1.301870963172162,7297.0,83.6,0.38475600400473414
171.188,6933.0,83.0,-1.3127009019965568,7300.0,83.9,0.38489137824003955
171.438,6920.0,83.2,-1.335353524037558,7303.0,84.1,0.38475600400473414
171.688,6908.0,83.4,-1.3466798350580587,7307.0,84.3,0.38475600400473414
171.938,6893.0,83.6,-1.4150438238869787,7311.0,84.5,0.3961501372469147
172.189,6877.0,83.8,-1.4483007610268515,7315.0,84.8,0.3961501372469147
172.439,6851.0,84.1,-1.6068691153138603,7318.0,85.0,0.3960147630116093
172.689,6828.0,84.3,-1.743033529039361,,,
172.939,6798.0,84.5,-1.9355808163878716,7325.0,85.4,0.40167791852185963
173.19,6769.0,84.7,-2.13814579714893,7329.0,85.7,0.41313960377766185
,,,,,,
173.69,6715.0,85.1,-2.285387840415438,7337.0,86.1,0.4130491741487552
173.94,6684.0,85.3,-2.5124104330215564,7340.0,86.3,0.4017228631282546
174.191,6654.0,85.5,-2.703603978017013,7344.0,86.5,0.4130491741487552
174.441,6622.0,85.7,-2.930130198427025,7348.0,86.8,0.424330360424154
174.691,6598.0,85.9,-3.032066997611531,7352.0,87.0,0.424330360424154
174.941,6568.0,86.1,-3.1913573478201687,7355.0,87.2,0.41300404940365343
175.192,6537.0,86.3,-3.2465900358245157,7359.0,87.4,0.41300404940365343
175.442,6506.0,86.5,-3.3372005239885203,7363.0,87.6,0.4242852356790522
175.692,6476.0,86.7,-3.3372005239885203,7367.0,87.9,0.4299483911893025
175.942,6448.0,87.0,-3.3271828305759725,7370.0,88.1,0.41862208016880187
176.193,6417.0,87.1,-3.3710892075598187,7374.0,88.3,0.4187125097977085
176.443,6388.0,87.3,-3.3484365855188174,7378.0,88.5,0.42985832183780703
176.693,6360.0,87.5,-3.3271377058308707,7382.0,88.7,0.42985832183780703
176.943,6331.0,87.7,-3.2931587727693685,7385.0,88.9,0.41871250979771363
177.194,6303.0,87.9,-3.3372005239885563,7389.0,89.1,0.41871250979771363
177.444,6272.0,88.1,-3.348526835009057,7393.0,89.4,0.42985832183780703
177.694,6242.0,88.3,-3.3385993910867127,7397.0,89.6,0.42985832183780703
177.944,6213.0,88.5,-3.3159467690457114,7401.0,89.8,0.43003882081821426
178.195,6184.0,88.7,-3.303311840417258,7405.0,90.0,0.43003882081821426
178.445,6155.0,88.9,-3.3146381514377588,7409.0,90.2,0.4411846328583076
178.695,6125.0,89.1,-3.3047107075154143,7413.0,90.4,0.4411846328583076
178.945,6093.0,89.3,-3.338689640576916,7416.0,90.6,0.43003882081820916
179.196,6061.0,89.5,-3.3825508928156607,7420.0,90.9,0.43003882081820916
179.446,6031.0,89.6,-3.393877203836161,7424.0,91.1,0.4411846328583025
179.696,6000.0,89.8,-3.429119629760478,7428.0,91.3,0.4411846328583025
179.946,5968.0,90.0,-3.440445940780979,7431.0,91.5,0.43003882081820916
180.197,5935.0,90.2,-3.472935757254121,7436.0,91.7,0.44136513183870973
180.447,5900.0,90.4,-3.5408936233771247,7440.0,91.9,0.4411846328583025
180.697,5868.0,90.6,-3.576181174046579,7445.0,92.2,0.45251094387880314
180.947,5827.0,90.8,-3.7120969062925866,7448.0,92.3,0.44136513183870973
181.198,5796.0,91.0,-3.722024350214931,7453.0,92.6,0.45269144285921037
181.448,5758.0,91.2,-3.7899822163379344,7456.0,92.8,0.45255606862390496
181.698,5727.0,91.3,-3.780099897160692,7461.0,93.0,0.46388237964440554
181.948,5688.0,91.5,-3.8820366963451973,7464.0,93.2,0.4527365676043122
182.199,5656.0,91.7,-3.8919190155224404,7469.0,93.4,0.4640628786248128
182.449,5616.0,91.9,-3.982529503686445,7472.0,93.6,0.4639275043895112
182.699,5586.0,92.0,-3.950039687213303,7477.0,93.8,0.4639275043895112
182.949,5548.0,92.2,-3.9840186202748047,7480.0,94.0,0.45278169234941784
183.2,5517.0,92.4,-3.971293442156188,7484.0,94.2,0.4414553813289172
183.45,5478.0,92.6,-3.9486408201151866,7488.0,94.4,0.4526011933690106
183.7,5445.0,92.7,-3.972692309254344,7492.0,94.7,0.44127488234851
183.95,5407.0,92.9,-3.972692309254344,7497.0,94.9,0.46406287862481665
184.201,5374.0,93.1,-3.9938558147069854,7501.0,95.1,0.452736567604316
184.451,5337.0,93.2,-3.971203192665984,7505.0,95.3,0.46388237964440937
184.701,5299.0,93.4,-4.040605050632246,7509.0,95.5,0.4525560686239088
184.951,5261.0,93.6,-4.0179524285912445,7514.0,95.7,0.47534406490021164
185.202,5229.0,93.7,-4.039161058788988,7518.0,95.9,0.464017753879711
185.452,5191.0,93.9,-4.039161058788988,7522.0,96.1,0.47516356591980435
185.702,5151.0,94.1,-4.14249672507161,7526.0,96.3,0.47516356591980435
185.952,5113.0,94.2,-4.13117041405111,7531.0,96.5,0.4866703759207123
186.203,5077.0,94.4,-4.163524856288946,,,
186.453,5040.0,94.6,-4.152198545268446,7539.0,97.0,0.4865799462918056
186.703,5004.0,94.7,-4.187666594918307,7544.0,97.2,0.4865799462918056
,,,,7548.0,97.4,0.4865799462918056
187.204,4928.0,95.0,-4.198133824464195,7552.0,97.6,0.48676044527221285
187.454,4890.0,95.2,-4.198133824464195,7556.0,97.8,0.4865799462918056
187.704,4854.0,95.3,-4.175481202423193,7560.0,98.0,0.475253635271305
187.954,4817.0,95.5,-4.2335567493689545,7564.0,98.2,0.475253635271305
188.205,4780.0,95.6,-4.220560822779687,,,
188.455,4740.0,95.8,-4.220560822779687,,,
188.705,4706.0,95.9,-4.175255578697684,7577.0,98.8,0.47914421748878855
,,,,7581.0,98.9,0.47914421748878855
,,,,7585.0,99.1,0.46781790646828797
189.456,4591.0,96.4,-4.202729999067486,7589.0,99.3,0.46772783711678734
189.706,4559.0,96.5,-4.146098443964982,7594.0,99.5,0.46772783711678734
189.956,4518.0,96.7,-4.202729999067486,7598.0,99.7,0.46772783711678734
190.207,4484.0,96.8,-4.156749595126635,7602.0,99.9,0.46772783711678734
190.457,4443.0,96.9,-4.190728528188137,,,
190.707,4409.0,97.1,-4.168075906147135,7612.0,100.0,0.4791216100815619
190.957,4366.0,97.2,-4.236033772270139,7616.0,100.0,0.4791216100815619
191.208,4327.0,97.3,-4.258596144820936,,,
191.458,4282.0,97.5,-4.31522769992344,7625.0,101.0,0.48468303225929227
191.708,4245.0,97.6,-4.3492066329849415,7630.0,101.0,0.49229926004271657
,,,,7634.0,101.0,0.49229926004271657
192.209,4167.0,98.0,-4.356453947618467,7638.0,101.0,0.49229926004271657
192.459,4125.0,98.2,-4.469717057823474,7642.0,101.0,0.49229926004271657
192.709,4089.0,98.2,-4.413085502720971,7647.0,102.0,0.49229926004271657
192.959,4045.0,98.5,-4.527882854259438,7651.0,102.0,0.49229926004271657
193.21,4007.0,98.5,-4.4921891808840675,7656.0,102.0,0.5036255710632171
193.46,3966.0,98.7,-4.571473358027572,7660.0,102.0,0.4922317980984426
193.71,3929.0,98.7,-4.503515491904569,7665.0,102.0,0.5035581091189433
193.96,3888.0,98.9,-4.527927979004541,7669.0,102.0,0.49799668694121285
194.211,3850.0,99.0,-4.446929061547167,7674.0,103.0,0.49799668694121285
194.461,3807.0,99.2,-4.514886927670171,7678.0,103.0,0.49781618796081073
194.711,3767.0,99.2,-4.527094927572511,7683.0,103.0,0.5091424989813114
194.961,3724.0,99.4,-4.538421238593012,7687.0,103.0,0.5093229979617186
195.212,3686.0,99.5,-4.559359120320193,7692.0,103.0,0.5093229979617186
195.462,3644.0,99.7,-4.536706498279192,7696.0,104.0,0.5091424989813114
195.712,3605.0,99.8,-4.549747549613561,7701.0,104.0,0.5091424989813114
195.962,3561.0,99.9,-4.583726482675063,7706.0,104.0,0.5206493089822192
196.213,3521.0,99.9,-4.615900425932493,7711.0,104.0,0.5206493089822192
196.463,3483.0,100.0,-4.581921492870991,7715.0,104.0,0.520468810001812
196.713,3458.0,100.0,-4.436394189918351,7720.0,105.0,0.520468810001812
196.963,3434.0,100.0,-4.221194280528839,7724.0,105.0,0.5206493089822141
197.214,3416.0,100.0,-3.971203192665993,7729.0,105.0,0.5206493089822141
197.464,3398.0,100.0,-3.688045417153478,,,
197.714,3384.0,100.0,-3.417928692975283,7738.0,105.0,0.5262107311599444
197.964,3366.0,100.0,-3.146097228483268,7742.0,106.0,0.5148844201394438
198.215,3352.0,100.0,-2.862307706539327,7748.0,106.0,0.5377175411608524
198.465,3334.0,101.0,-2.567823620006311,7752.0,106.0,0.5262107311599444
198.715,3320.0,101.0,-2.2751445232773673,7757.0,106.0,0.5262107311599444
198.965,3300.0,101.0,-2.071270924908356,7761.0,106.0,0.5148844201394438
199.216,3285.0,101.0,-1.9573309435268225,7767.0,107.0,0.5377175411608524
199.466,3274.0,101.0,-1.8100889002603144,7771.0,107.0,0.5262107311599444
199.716,3267.0,101.0,-1.6863117244466401,7776.0,107.0,0.5375370421804451
199.966,3261.0,101.0,-1.5503959922006327,7781.0,107.0,0.5375370421804451
200.217,3257.0,101.0,-1.4369523830152193,7786.0,107.0,0.5433019310232153
200.467,3252.0,101.0,-1.289710339748711,7791.0,108.0,0.5544026183182132
200.717,3248.0,101.0,-1.1770789759751303,7795.0,108.0,0.5317499962772121
200.967,3244.0,102.0,-1.0185106216881215,7800.0,108.0,0.5432568062781199
201.218,3240.0,102.0,-0.9050670125027132,,,
201.468,3237.0,102.0,-0.7125197251542026,7810.0,108.0,0.5431437692419866
201.718,3233.0,102.0,-0.588607175105223,7814.0,108.0,0.5431437692419866
,,,,7819.0,109.0,0.5318174582214861
202.219,3226.0,102.0,-0.503580716526175,7824.0,109.0,0.5433242682223939
202.469,3222.0,102.0,-0.46960178346467313,7829.0,109.0,0.5430986444968848
202.719,3219.0,102.0,-0.4356228504031713,7834.0,109.0,0.5430986444968848
202.969,3215.0,102.0,-0.4358033493835785,7839.0,109.0,0.5430986444968848
203.22,3212.0,102.0,-0.41301535310727183,7843.0,110.0,0.5319979572018869
203.47,3208.0,103.0,-0.41301535310727183,7848.0,110.0,0.5430986444968784
203.72,3204.0,103.0,-0.41301535310727183,7853.0,110.0,0.5430986444968784
203.97,3200.0,103.0,-0.41319585208767395,7857.0,110.0,0.5318853705125111
204.221,3197.0,103.0,-0.41306047785236855,7863.0,110.0,0.5545379925535123
204.471,3193.0,103.0,-0.41306047785236855,7867.0,110.0,0.5430311825526045
204.721,3190.0,103.0,-0.40747644826741153,,,
204.971,3186.0,103.0,-0.40747644826741153,7877.0,111.0,0.5430311825526045
205.222,3183.0,103.0,-0.4073410740321061,,,
205.472,3179.0,103.0,-0.4073410740321061,7887.0,111.0,0.5431437692419803
205.722,3176.0,103.0,-0.40747644826741153,,,
205.972,3172.0,103.0,-0.40747644826741153,7897.0,112.0,0.5431437692419803
206.223,3169.0,103.0,-0.3960147630116055,7902.0,112.0,0.5431437692419803
206.473,3166.0,104.0,-0.38468845199110485,7907.0,112.0,0.5542444565369782
206.723,3163.0,104.0,-0.38482382622641026,7913.0,112.0,0.5657963912829879
206.973,3159.0,104.0,-0.38482382622641026,7918.0,112.0,0.5657963912829879
207.224,3156.0,104.0,-0.3846884519911087,7923.0,113.0,0.5771227023034885
207.474,3152.0,104.0,-0.3846884519911087,7928.0,113.0,0.5655707675574788
207.724,3149.0,104.0,-0.3848238262264141,7933.0,113.0,0.5770775775583867
207.974,3145.0,104.0,-0.3848238262264141,7938.0,113.0,0.5770775775583867
208.225,3142.0,104.0,-0.3846884519911087,7943.0,113.0,0.5771906145945199
208.475,3139.0,104.0,-0.37336214097060805,7948.0,113.0,0.5769649908690109
208.725,3136.0,104.0,-0.3734975152059135,7953.0,114.0,0.5769649908690109
208.975,3133.0,104.0,-0.3734975152059135,7958.0,114.0,0.5771906145945136
209.226,3130.0,105.0,-0.37336214097060805,7963.0,114.0,0.565864303574013
209.476,3126.0,105.0,-0.37336214097060805,7968.0,114.0,0.5656386798485039
209.726,3123.0,105.0,-0.3734975152059097,7974.0,114.0,0.5769649908690045
209.976,3120.0,105.0,-0.36217120418540905,7978.0,115.0,0.565864303574013
210.227,3117.0,105.0,-0.3620358299501036,7984.0,115.0,0.5771906145945136
210.477,3114.0,105.0,-0.350709518929603,7989.0,115.0,0.5769649908690045
210.727,3111.0,105.0,-0.3508448931649084,7994.0,115.0,0.5769649908690045
210.977,3108.0,105.0,-0.3508448931649084,7999.0,115.0,0.5771906145945136
211.228,3105.0,105.0,-0.350709518929603,,,
211.478,3102.0,105.0,-0.350709518929603,,,
211.728,3099.0,105.0,-0.3508448931649084,,,
211.978,3096.0,105.0,-0.3395185821444078,,,
212.229,3093.0,105.0,-0.33938320790910237,,,
212.479,3090.0,105.0,-0.33938320790910237,,,
212.729,3087.0,106.0,-0.3395185821444078,8036.0,116.0,0.5803583613981931
212.979,3084.0,106.0,-0.3395185821444078,,,
213.23,3082.0,106.0,-0.3281020216337061,8046.0,117.0,0.5803583613981931
213.48,3078.0,106.0,-0.33942833265420674,,,
213.73,3076.0,106.0,-0.3282373958690115,8057.0,117.0,0.5858971761686967
213.98,3073.0,106.0,-0.3282373958690115,8061.0,117.0,0.5747964888737052
214.231,3071.0,106.0,-0.3168208353583073,8067.0,118.0,0.5747964888737052
214.481,3068.0,106.0,-0.3168208353583073,8071.0,118.0,0.574615989893298
214.731,3065.0,106.0,-0.3169562095936127,,,
214.981,3062.0,106.0,-0.3169562095936127,,,
215.232,3060.0,106.0,-0.3055396490829085,,,
215.482,3057.0,106.0,-0.3055396490829085,,,
215.732,3054.0,106.0,-0.31695620959361015,,,
215.982,3051.0,106.0,-0.3056298985731095,8104.0,119.0,0.568911332244065
216.233,3049.0,106.0,-0.30553964908290593,8110.0,119.0,0.5804632669900747
216.483,3046.0,107.0,-0.30553964908290593,8114.0,119.0,0.5689564569891667
216.733,3044.0,107.0,-0.3056298985731095,,,
216.983,3041.0,107.0,-0.3056298985731095,,,
217.234,3039.0,107.0,-0.2942133380624053,8131.0,120.0,0.5765073310028338
217.484,3037.0,107.0,-0.28288702704190466,8136.0,120.0,0.5731139604736453
217.734,3034.0,107.0,-0.29430358755260894,8141.0,120.0,0.5731139604736453
217.984,3031.0,107.0,-0.29430358755260894,8146.0,120.0,0.5675751457031416
218.235,3030.0,107.0,-0.27160584076650585,8152.0,120.0,0.5902277677441429
218.485,3027.0,107.0,-0.27160584076650585,8157.0,120.0,0.5786758329981395
218.735,3025.0,107.0,-0.2716960902567095,8163.0,121.0,0.6015089540195481
218.985,3023.0,107.0,-0.26036977923620885,8169.0,121.0,0.6072136116687811
219.236,3020.0,107.0,-0.2715607160214079,8174.0,121.0,0.5958873006482804
219.486,3018.0,107.0,-0.2602344050009073,8179.0,121.0,0.6071684869236793
219.736,3015.0,107.0,-0.2716509655116115,,,
219.986,3013.0,107.0,-0.2716509655116115,,,
220.237,3011.0,107.0,-0.2602344050009073,8196.0,122.0,0.6071684869236793
220.487,3009.0,107.0,-0.24890809398040664,8201.0,122.0,0.6071684869236793
220.737,3006.0,107.0,-0.2716058407665097,8207.0,122.0,0.6184947979441798
220.987,3004.0,108.0,-0.2602795297460091,8213.0,122.0,0.6298211089646805
221.238,3002.0,108.0,-0.26018928025580546,8218.0,122.0,0.6184947979441798
221.488,3000.0,108.0,-0.26018928025580546,8223.0,122.0,0.6184947979441735
221.738,2998.0,108.0,-0.24899834347060643,8229.0,123.0,0.6184947979441735
221.988,2996.0,108.0,-0.24899834347060643,8235.0,123.0,0.6184947979441735
222.239,2994.0,108.0,-0.2375817829599022,8240.0,123.0,0.6184947979441735
222.489,2992.0,108.0,-0.2375817829599022,8246.0,123.0,0.6297759842195723
222.739,2989.0,108.0,-0.24899834347060643,8252.0,123.0,0.6335514212264058
222.989,2988.0,108.0,-0.23767203245010582,8257.0,124.0,0.6337770449519149
223.24,2986.0,108.0,-0.22625547193940157,8263.0,124.0,0.6337770449519149
223.49,2984.0,108.0,-0.22625547193940157,8269.0,124.0,0.6335062964813041
223.74,2982.0,108.0,-0.22634572142960518,8274.0,124.0,0.6335062964813041
223.99,2980.0,108.0,-0.22634572142960518,8280.0,124.0,0.6450582312273136
224.241,2978.0,108.0,-0.22625547193940157,8285.0,124.0,0.6337319202068131
224.491,2976.0,108.0,-0.22625547193940157,8291.0,125.0,0.6334611717362099
224.741,2974.0,108.0,-0.22634572142960518,8297.0,125.0,0.6447874827567105
224.991,2973.0,108.0,-0.21501941040910458,8303.0,125.0,0.6450582312273214
225.242,2971.0,108.0,-0.20360284989840288,8308.0,125.0,0.6337319202068208
225.492,2969.0,108.0,-0.21492916091890352,8314.0,125.0,0.6447874827567105
225.742,2967.0,108.0,-0.21501941040910713,8321.0,125.0,0.6561137937772111
225.992,2966.0,108.0,-0.2036930993886065,8326.0,125.0,0.6450582312273214
226.243,2964.0,109.0,-0.20360284989840288,8331.0,126.0,0.6450582312273214
226.493,2962.0,109.0,-0.20360284989840288,8337.0,126.0,0.6447874827567105
226.743,2960.0,109.0,-0.2036930993886065,8342.0,126.0,0.6447874827567105
226.993,2959.0,109.0,-0.1923667883681059,8348.0,126.0,0.6450582312273136
227.244,2957.0,109.0,-0.19227653887790228,8354.0,126.0,0.6450582312273136
227.494,2956.0,109.0,-0.19227653887790228,8359.0,126.0,0.6335062964813041
227.744,2954.0,109.0,-0.19236678836810334,8367.0,127.0,0.6674852295428059
227.994,2953.0,109.0,-0.1810404773476027,8372.0,127.0,0.6564296669929162
228.245,2951.0,109.0,-0.1809502278573991,8378.0,127.0,0.6451033559724155
228.495,2950.0,109.0,-0.1809502278573991,8383.0,127.0,0.6448777322469065
228.745,2949.0,109.0,-0.1697141663271021,8390.0,127.0,0.6675303542879077
228.995,2947.0,109.0,-0.1697141663271021,8395.0,127.0,0.6564747917380179
229.246,2946.0,109.0,-0.15834273056149964,,,
229.496,2944.0,109.0,-0.16966904158200027,8407.0,128.0,0.6676654583151587
229.746,2943.0,109.0,-0.15843298005170328,8413.0,128.0,0.6676654583151587
229.996,2941.0,109.0,-0.1697592910722039,8418.0,128.0,0.656339147294658
230.247,2940.0,109.0,-0.15838785530660146,,,
230.497,2939.0,109.0,-0.15838785530660146,8430.0,128.0,0.6677554375973116
230.747,2938.0,109.0,-0.14715179377630447,8436.0,129.0,0.6451028155563103
230.997,2936.0,109.0,-0.15847810479680507,8442.0,129.0,0.656429126576811
231.248,2935.0,109.0,-0.15843298005170456,8448.0,129.0,0.656429126576811
231.498,2934.0,109.0,-0.14710666903120392,8454.0,129.0,0.6677103128522098
231.748,2933.0,109.0,-0.14715179377630574,8459.0,129.0,0.6450576908112086
231.998,2931.0,109.0,-0.14715179377630574,8465.0,129.0,0.6563840018317092
232.249,2930.0,109.0,-0.14710666903120392,8471.0,130.0,0.6565196462750691
232.499,2929.0,109.0,-0.13578035801070332,8477.0,130.0,0.6562488978044583
232.749,2928.0,109.0,-0.1358254827558051,,,
232.999,2927.0,109.0,-0.1358254827558051,8487.0,130.0,0.6562488978044583
233.25,2926.0,109.0,-0.13578035801070332,8494.0,130.0,0.6677108532683149
233.5,2925.0,109.0,-0.12445404699020268,,,
233.75,2925.0,109.0,-0.11317286071480259,,,
234.0,2923.0,109.0,-0.12449917173530323,,,
234.251,2922.0,109.0,-0.1244540469902014,8519.0,131.0,0.6704717122982868
,,,,,,
,,,,8532.0,131.0,0.6759879196615639
235.001,2979.0,110.0,0.11339848444031167,8537.0,131.0,0.6646616086410633
235.252,2919.0,110.0,-0.5521915058082182,8544.0,131.0,0.6762586681321747
235.502,2918.0,110.0,-0.5521915058082182,,,
235.752,2917.0,110.0,-0.5521915058082182,8557.0,132.0,0.6931011865159565
236.002,2916.0,110.0,-0.5521915058082182,8562.0,132.0,0.6817748754954559
236.253,2916.0,110.0,-0.5409103195328194,,,
236.503,2915.0,110.0,-0.5409103195328194,8574.0,132.0,0.681639231052096
236.753,2914.0,110.0,-0.55223663055332,,,
,,,,,,
237.254,2913.0,110.0,-0.5352358603189558,,,
,,,,,,
237.754,2911.0,110.0,-0.5352809850640575,8605.0,133.0,0.6841191081310216
238.004,2911.0,110.0,-0.7504808944535694,8611.0,133.0,0.6954454191515222
238.255,2910.0,110.0,-0.08489090420503953,8617.0,133.0,0.6841191081310216
238.505,2910.0,110.0,-0.07356459318453891,8624.0,133.0,0.6923686869058377
238.755,2910.0,110.0,-0.06223828216403828,8630.0,134.0,0.6868524795425607
239.005,2909.0,110.0,-0.06223828216403828,8636.0,134.0,0.6981787905630613
239.256,2909.0,110.0,-0.06223828216403828,8642.0,134.0,0.6868524795425607
239.506,2908.0,110.0,-0.06223828216403828,8649.0,134.0,0.6923467099840674
239.756,2908.0,110.0,-0.05091197114353766,8655.0,134.0,0.7036730210045681
240.006,2908.0,110.0,-0.045260119336900675,8661.0,134.0,0.703808665447928
240.257,2907.0,110.0,-0.04521499459179887,8667.0,135.0,0.7015995368396132
240.507,2907.0,110.0,-0.04521499459179887,8673.0,135.0,0.7013287883690024
240.757,2907.0,110.0,-0.033933808316400055,,,
241.007,2907.0,110.0,-0.033933808316400055,,,
241.258,2906.0,110.0,-0.04521499459179887,8693.0,135.0,0.7088796623826694
241.508,2906.0,110.0,-0.03388868357129824,,,
241.758,2906.0,110.0,-0.03388868357129824,8705.0,135.0,0.6977335801345254
242.008,2906.0,110.0,-0.02256237255079762,8711.0,136.0,0.6977335801345254
242.259,2906.0,110.0,-0.02256237255079762,8718.0,136.0,0.709059891155026
242.509,2906.0,110.0,-0.02256237255079762,8724.0,136.0,0.7087891426844152
242.759,2906.0,110.0,-0.01128118627539881,8731.0,136.0,0.7091050159001278
243.009,2906.0,110.0,-0.01128118627539881,8737.0,136.0,0.7091050159001278
243.26,2906.0,110.0,-0.01128118627539881,8744.0,136.0,0.7204313269206284
243.51,2905.0,110.0,-0.022607497295899434,8750.0,136.0,0.7201605784500176
243.76,2905.0,110.0,-0.011326311020500622,8757.0,137.0,0.731757637941129
244.01,2905.0,110.0,-0.011326311020500622,8763.0,137.0,0.724206763927462
244.261,2905.0,110.0,-0.011326311020500622,8769.0,137.0,0.7243424083708181
244.511,2906.0,110.0,0.0,8775.0,137.0,0.7240716599002072
244.761,2906.0,110.0,0.0,8782.0,137.0,0.7240716599002072
245.011,2906.0,110.0,0.0,8788.0,137.0,0.7243424083708181
245.262,2906.0,110.0,0.0,8795.0,138.0,0.7243424083708181
245.512,2906.0,110.0,0.0,8801.0,138.0,0.7240716599002072
245.762,2906.0,110.0,0.0,,,
246.012,2906.0,110.0,0.011326311020500622,8814.0,138.0,0.7184085043899568
246.263,2906.0,110.0,0.011326311020500622,8821.0,138.0,0.7300055638810684
246.513,2906.0,110.0,0.011326311020500622,8828.0,138.0,0.7296896906653557
246.763,2907.0,110.0,0.022652622041001245,8834.0,138.0,0.7296896906653557
247.013,2907.0,110.0,0.011326311020500622,8841.0,139.0,0.7410160016858564
247.264,2907.0,110.0,0.011326311020500622,8849.0,139.0,0.7639393721974684
247.514,2908.0,110.0,0.022652622041001245,8855.0,139.0,0.7523423127063646
247.764,2908.0,110.0,0.022652622041001245,8861.0,139.0,0.7523423127063646
248.014,2909.0,110.0,0.03397893306150187,8867.0,139.0,0.741016001685864
248.265,2909.0,110.0,0.03397893306150187,8875.0,139.0,0.7639393721974761
248.515,2910.0,110.0,0.04530524408200249,8881.0,139.0,0.758005468216615
248.765,2910.0,110.0,0.04530524408200249,8889.0,140.0,0.7693317792371156
249.015,2911.0,110.0,0.05663155510250311,8895.0,140.0,0.7583213414323275
249.266,2911.0,110.0,0.04530524408200249,,,
249.516,2912.0,110.0,0.05663155510250311,,,
249.766,2913.0,110.0,0.06795786612300374,8915.0,140.0,0.7657716711848268
250.016,2913.0,110.0,0.05663155510250311,8921.0,140.0,0.7544453601643263
250.267,2914.0,110.0,0.06791274137790192,,,
250.517,2914.0,110.0,0.056586430357401296,8935.0,141.0,0.742960797293239
250.767,2915.0,110.0,0.06791274137790192,,,
251.017,2916.0,110.0,0.06791274137790192,,,
251.268,2916.0,110.0,0.06791274137790192,,,
251.518,2917.0,110.0,0.06791274137790192,,,
251.768,2918.0,110.0,0.07923905239840254,8970.0,141.0,0.75449448014394
252.018,2919.0,110.0,0.07923905239840254,8975.0,141.0,0.7431681691234394
252.269,2919.0,109.0,0.06791274137790192,,,
252.519,2920.0,109.0,0.07923905239840254,,,
252.769,2921.0,109.0,0.07928417714350436,8997.0,142.0,0.758159318463489
253.019,2922.0,109.0,0.09061048816400498,9003.0,142.0,0.7355066964224878
253.27,2923.0,109.0,0.09056536341890317,,,
253.52,2924.0,109.0,0.09056536341890317,9017.0,142.0,0.7469455040630172
253.77,2925.0,109.0,0.10189167443940379,9024.0,143.0,0.7356191930425166
254.02,2926.0,109.0,0.10189167443940379,9030.0,143.0,0.7356191930425166
254.271,2927.0,109.0,0.10184654969430325,9037.0,143.0,0.7394951743105179
254.521,2928.0,109.0,0.10184654969430325,9044.0,143.0,0.7505056121153059
254.771,2929.0,109.0,0.11317286071480387,9052.0,143.0,0.7619901749863931
255.021,2930.0,109.0,0.11317286071480387,9058.0,143.0,0.7507272406062953
255.272,2931.0,109.0,0.11312773596970206,9066.0,143.0,0.784706173667797
255.522,2933.0,109.0,0.12445404699020268,9073.0,143.0,0.7807254621325265
255.772,2934.0,109.0,0.1244991717353045,,,
256.022,2935.0,109.0,0.1244991717353045,,,
256.273,2936.0,109.0,0.1244540469902014,9093.0,144.0,0.7882763361461936
256.523,2938.0,109.0,0.13578035801070204,,,
256.773,2939.0,109.0,0.13582548275580256,9107.0,144.0,0.7882763361461936
257.023,2940.0,109.0,0.13582548275580256,9114.0,144.0,0.7882763361461936
257.274,2941.0,109.0,0.13578035801070204,9121.0,144.0,0.7996026471666942
257.524,2943.0,109.0,0.14710666903120265,9126.0,145.0,0.7767244014001903
257.774,2944.0,109.0,0.14715179377630447,9135.0,145.0,0.7996928966569042
258.024,2945.0,109.0,0.13582548275580383,9141.0,145.0,0.777040274615903
258.275,2946.0,109.0,0.13578035801070332,9148.0,145.0,0.7883665856364036
258.525,2948.0,109.0,0.14710666903120392,9154.0,145.0,0.7654432151247839
258.775,2949.0,109.0,0.14715179377630702,9163.0,145.0,0.7884117103815067
259.025,2951.0,109.0,0.14715179377630702,9169.0,145.0,0.7808608363678397
259.276,2952.0,109.0,0.14710666903120392,9176.0,146.0,0.7810190882184217
259.526,2954.0,109.0,0.15843298005170456,9183.0,146.0,0.780703215002718
259.776,2955.0,109.0,0.15847810479680507,9192.0,146.0,0.8033558370437193
260.026,2957.0,109.0,0.15847810479680507,9198.0,146.0,0.8149077717897225
260.277,2958.0,109.0,0.15843298005170456,9206.0,146.0,0.8035814607692219
260.527,2960.0,108.0,0.16975929107220517,9213.0,146.0,0.8145918985740009
260.777,2962.0,108.0,0.18113072683780634,9221.0,146.0,0.8259182095945015
261.027,2964.0,108.0,0.18113072683780634,9228.0,146.0,0.8375152690856207
261.278,2965.0,108.0,0.18108560209270325,9235.0,147.0,0.8148626470446194
261.528,2967.0,108.0,0.18108560209270325,9242.0,147.0,0.8258730848494164
261.778,2969.0,108.0,0.19245703785830695,9249.0,147.0,0.8258730848494164
262.028,2971.0,108.0,0.19245703785830695,9256.0,147.0,0.82618895806512
262.279,2973.0,108.0,0.2036930993886065,9264.0,147.0,0.8148626470446194
262.529,2974.0,108.0,0.1923667883681059,9272.0,147.0,0.8371542711248164
262.779,2976.0,108.0,0.20373822413370704,9279.0,147.0,0.8258279601043158
263.029,2978.0,108.0,0.20373822413370704,9285.0,148.0,0.8148175222995367
263.28,2980.0,108.0,0.20364797464350598,9293.0,148.0,0.8148175222995367
263.53,2982.0,108.0,0.20364797464350598,9301.0,148.0,0.8257828353592127
263.78,2984.0,108.0,0.21501941040910968,9308.0,148.0,0.8257828353592127
264.03,2986.0,108.0,0.21501941040910968,9314.0,148.0,0.8147723975544158
264.281,2988.0,108.0,0.21492916091890352,9322.0,148.0,0.8260987085749164
264.531,2989.0,108.0,0.20360284989840288,9330.0,148.0,0.8370640216346128
264.781,2991.0,108.0,0.20369309938860394,9337.0,149.0,0.8257377106141122
265.031,2993.0,108.0,0.21501941040910458,9344.0,149.0,0.8147723975544158
265.282,2995.0,108.0,0.21492916091890352,9352.0,149.0,0.8260987085749164
265.532,2998.0,108.0,0.22625547193940412,9359.0,149.0,0.8371091463796955
265.782,2999.0,107.0,0.21501941040910458,9367.0,149.0,0.8371091463796955
266.032,3002.0,107.0,0.22634572142960518,9374.0,149.0,0.8261438333200195
266.283,3004.0,107.0,0.22625547193939902,9382.0,149.0,0.8374701443405201
266.533,3006.0,107.0,0.22625547193939902,9388.0,149.0,0.837199395869917
266.783,3008.0,107.0,0.22634572142960518,9396.0,149.0,0.837199395869917
267.033,3011.0,107.0,0.24899834347060643,9403.0,150.0,0.8262340828102206
267.284,3013.0,107.0,0.24890809398040536,9411.0,150.0,0.8375603938307212
267.534,3015.0,107.0,0.24890809398040536,9418.0,150.0,0.8372445206149995
267.784,3017.0,107.0,0.24899834347060643,9426.0,150.0,0.8372445206149995
268.034,3020.0,107.0,0.24899834347060643,9433.0,150.0,0.8375603938307212
268.285,3022.0,107.0,0.2602344050009009,9441.0,150.0,0.8375603938307212
268.535,3025.0,107.0,0.2602344050009009,9448.0,150.0,0.8372445206150174
268.785,3027.0,107.0,0.2603246544911071,9456.0,151.0,0.8372445206150174
269.035,3029.0,107.0,0.2603246544911071,9463.0,151.0,0.8488415801061213
269.286,3032.0,107.0,0.2715155912763061,9471.0,151.0,0.8488415801061213
269.536,3034.0,107.0,0.26018928025580546,9478.0,151.0,0.8485257068904175
269.786,3036.0,107.0,0.26027952974600654,,,
270.036,3039.0,107.0,0.2716058407665071,9493.0,151.0,0.8428625513801673
270.287,3041.0,106.0,0.2715155912763061,9500.0,151.0,0.8431784245958889
270.537,3044.0,106.0,0.2715155912763061,9508.0,151.0,0.8428174266350642
270.787,3046.0,106.0,0.2716058407665123,9516.0,152.0,0.8541437376555648
271.037,3049.0,106.0,0.2716058407665123,9524.0,152.0,0.8541437376555648
271.288,3052.0,106.0,0.2827967775517036,9531.0,152.0,0.8544596108712685
271.538,3054.0,106.0,0.2827967775517036,9539.0,152.0,0.8540986129104643
271.788,3057.0,106.0,0.2829321517870052,9546.0,152.0,0.8540986129104643
272.038,3059.0,106.0,0.2829321517870052,9554.0,152.0,0.8540986129104643
272.289,3062.0,106.0,0.29412308857220426,9564.0,152.0,0.8883934191876699
272.539,3064.0,106.0,0.2827967775517036,9570.0,152.0,0.8711332041863004
272.789,3067.0,106.0,0.2942133380624053,9577.0,153.0,0.8711332041863004
273.039,3070.0,106.0,0.2942133380624053,9584.0,153.0,0.8601678911266245
273.29,3072.0,106.0,0.2941230885721991,9594.0,153.0,0.8828205131676257
273.54,3076.0,106.0,0.30544939959269973,9600.0,153.0,0.8598971426560212
273.79,3078.0,106.0,0.2942584628075084,9608.0,153.0,0.8712234536765219
274.04,3081.0,105.0,0.305584773828009,9615.0,153.0,0.8602581406168255
274.291,3084.0,105.0,0.3054493995927074,9623.0,153.0,0.8715844516373261
274.541,3087.0,105.0,0.31677571061320803,9631.0,153.0,0.8712234536765219
274.791,3089.0,105.0,0.305584773828009,9640.0,154.0,0.8598971426560212
275.041,3093.0,105.0,0.32823739586901024,9647.0,154.0,0.8714942021471405
275.292,3095.0,105.0,0.3168208353583086,9656.0,154.0,0.8941468241881416
275.542,3099.0,105.0,0.3281471463788092,9663.0,154.0,0.89383095097242
275.792,3101.0,105.0,0.32823739586901535,9672.0,154.0,0.8825046399519194
276.042,3105.0,105.0,0.32823739586901535,9678.0,154.0,0.8827753884225227
276.293,3107.0,105.0,0.3281471463788092,9687.0,154.0,0.8941016994430233
276.543,3110.0,105.0,0.3281471463788092,9694.0,154.0,0.8937858262273195
276.793,3113.0,105.0,0.3282825206141108,9703.0,155.0,0.9051121372478201
277.043,3117.0,105.0,0.3396088316346114,9709.0,155.0,0.8828205131676232
277.294,3119.0,105.0,0.33951858214441033,9716.0,155.0,0.860167891126622
277.544,3123.0,104.0,0.33951858214441033,9724.0,155.0,0.8711332041862978
277.794,3125.0,104.0,0.3396088316346114,9732.0,155.0,0.8598068931657972
278.044,3128.0,104.0,0.3282825206141108,9738.0,155.0,0.8487964553610182
278.295,3132.0,104.0,0.35075464367469966,9749.0,155.0,0.8714490774020195
278.545,3134.0,104.0,0.32810202163369845,9756.0,155.0,0.8824595152068163
278.795,3137.0,104.0,0.3395185821444052,9764.0,155.0,0.8711332041863157
279.045,3141.0,104.0,0.35084489316490586,9770.0,156.0,0.8601227663815189
279.296,3144.0,104.0,0.3507095189296043,9781.0,156.0,0.8827753884225201
279.546,3147.0,104.0,0.33938320790910365,9788.0,156.0,0.8937858262272991
279.796,3149.0,104.0,0.3394734573993047,9796.0,156.0,0.9051121372477997
280.046,3154.0,104.0,0.3507997684198053,9804.0,156.0,0.9054731352086244
280.297,3157.0,104.0,0.36199070520499665,9813.0,156.0,0.916799446229125
280.547,3160.0,103.0,0.36199070520499665,9821.0,156.0,0.939091070309322
280.797,3164.0,103.0,0.36217120418540905,9829.0,156.0,0.9051121372478201
281.047,3167.0,103.0,0.3734975152059096,9837.0,156.0,0.9167543214840245
281.298,3171.0,103.0,0.38464332724600814,9846.0,157.0,0.9280806325045251
281.548,3174.0,103.0,0.3733170162255075,9853.0,157.0,0.939091070309322
281.798,3178.0,103.0,0.3847787014813097,9862.0,157.0,0.9164384482683208
282.048,3181.0,103.0,0.3847787014813097,9869.0,157.0,0.9167543214840423
282.299,3185.0,103.0,0.40725082454190886,9878.0,157.0,0.928080632504543
282.549,3188.0,103.0,0.3845982025009076,9887.0,157.0,0.9390008208191158
282.799,3192.0,103.0,0.3960598877567175,9896.0,157.0,0.9390008208191158
283.049,3195.0,103.0,0.3960598877567175,9902.0,157.0,0.9167091967389188
283.3,3199.0,102.0,0.39587938877630513,9911.0,158.0,0.9280355077594195
283.55,3203.0,102.0,0.40720569979680576,9920.0,158.0,0.9389556960740153
283.8,3206.0,102.0,0.3960598877567073,9928.0,158.0,0.9276293850535147
284.05,3209.0,102.0,0.3960598877567073,9935.0,158.0,0.9279452582692184
284.301,3214.0,102.0,0.4071605750517052,9944.0,158.0,0.9279452582692184
284.551,3217.0,102.0,0.4071605750517052,9952.0,158.0,0.9389105713288943
284.801,3220.0,102.0,0.39601476301160676,9961.0,158.0,0.9389105713288943
285.051,3224.0,102.0,0.40734107403210734,9968.0,158.0,0.9166640719938208
285.302,3228.0,102.0,0.407160575051695,9977.0,158.0,0.9166640719938208
285.552,3231.0,102.0,0.407160575051695,9985.0,159.0,0.9389556960740179
285.802,3235.0,102.0,0.40734107403210734,9994.0,159.0,0.9389556960740179
286.052,3239.0,101.0,0.40734107403210734,10001.0,159.0,0.9167091967389214
286.303,3243.0,101.0,0.41848688607220585,10010.0,159.0,0.928035507759422
286.553,3247.0,101.0,0.4298131970927065,10019.0,159.0,0.9502820070945185
286.803,3250.0,101.0,0.4073861987772079,10027.0,159.0,0.9389556960740179
287.053,3254.0,101.0,0.4187125097977085,10034.0,159.0,0.9279903830143419
287.304,3258.0,101.0,0.42985832183780703,10044.0,159.0,0.9393166940348425
287.554,3262.0,101.0,0.42985832183780703,,,
287.804,3265.0,101.0,0.41871250979771873,10061.0,160.0,0.9561139976041615
288.054,3269.0,101.0,0.43003882081821937,10068.0,160.0,0.9334613755631602
,,,,10076.0,160.0,0.9338223735239645
288.555,3277.0,100.0,0.42994839118931016,10085.0,160.0,0.9334162508180597
288.805,3281.0,100.0,0.42994839118931016,10094.0,160.0,0.956068872859061
289.055,3285.0,100.0,0.43012889016971234,10102.0,160.0,0.9447425618385603
289.306,3289.0,100.0,0.42994839118931016,10111.0,160.0,0.9451486845444651
289.556,3293.0,100.0,0.4412747022098108,10118.0,160.0,0.9335065003082429
289.806,3297.0,100.0,0.4412747022098108,10127.0,161.0,0.956159122349244
290.056,3301.0,100.0,0.4414552011902129,10136.0,161.0,0.9448328113287435
290.307,3304.0,100.0,0.42999351593440305,10145.0,161.0,0.9506881298004258
290.557,3309.0,100.0,0.4526461379754043,10153.0,161.0,0.9616534428601222
290.807,3313.0,99.8,0.4526461379754043,10162.0,161.0,0.9729797538806229
291.057,3317.0,99.7,0.45273656760431347,10171.0,161.0,0.9733858765865276
291.308,3321.0,99.6,0.45255606862391135,10179.0,161.0,0.962059565566027
291.558,3326.0,99.5,0.463882379644412,10188.0,161.0,0.9729797538805999
291.808,3329.0,99.4,0.45273656760431347,10196.0,161.0,0.9616534428600992
292.058,3334.0,99.3,0.4640628786248141,10205.0,162.0,0.9846219381168221
292.309,3338.0,99.2,0.4638823796444017,10214.0,162.0,0.9846219381168221
292.559,3342.0,99.1,0.4638823796444017,10222.0,162.0,0.9729346291355172
292.809,3346.0,98.9,0.47534406490021164,10231.0,162.0,0.9729346291355172
293.059,3351.0,98.8,0.47534406490021164,,,
293.31,3354.0,98.7,0.4638823796444094,10249.0,162.0,0.9846219381168221
293.56,3359.0,98.6,0.47520869066491,10258.0,162.0,0.9842158154109173
,,,,10266.0,162.0,0.9728895043904167
294.06,3369.0,98.3,0.48671550066581276,10274.0,162.0,0.9728895043904167
294.311,3372.0,98.2,0.4639275043895099,10284.0,162.0,0.9846219381168451
294.561,3376.0,98.1,0.47525381541001055,10292.0,163.0,0.9842609401560203
294.811,3380.0,98.0,0.4639275043895099,10300.0,163.0,0.9729346291355198
295.061,3386.0,97.9,0.4867606254109235,10308.0,163.0,0.9616083181150191
295.312,3390.0,97.7,0.4865801264305112,10319.0,163.0,0.9959482491373253
295.562,3394.0,97.7,0.4865801264305112,10327.0,163.0,0.9842609401560203
295.812,3398.0,97.5,0.47525381541001055,,,
296.062,3403.0,97.4,0.4980418116863134,10345.0,163.0,0.9842609401560203
296.313,3407.0,97.3,0.48653500168541064,10353.0,163.0,0.9733407518414245
296.563,3412.0,97.1,0.48653500168541064,10360.0,163.0,0.9616985676052023
296.813,3416.0,97.0,0.49799668694121285,10370.0,163.0,0.9843511896462035
297.063,3420.0,96.9,0.49799668694121285,10379.0,164.0,0.9730248786257029
297.314,3423.0,96.8,0.486535001685403,10388.0,164.0,0.9847121876070283
297.564,3429.0,96.7,0.486535001685403,10395.0,164.0,0.9730700033708238
297.814,3433.0,96.6,0.4867155006658153,,,
298.064,3438.0,96.4,0.49804181168631595,10415.0,164.0,0.9957226254118251
298.315,3442.0,96.3,0.4978613127059138,10423.0,164.0,0.9617436923503232
,,,,10432.0,164.0,0.9730248786257233
298.815,3452.0,96.1,0.4978613127059138,10442.0,164.0,0.9843511896462239
299.065,3456.0,95.9,0.49804181168631595,10451.0,164.0,0.9956775006667246
299.316,3460.0,95.7,0.4865350016854132,10459.0,165.0,1.0073196849029469
299.566,3466.0,95.6,0.5091876237264145,10468.0,165.0,0.9955872511765184
299.816,3470.0,95.5,0.5091876237264145,10479.0,165.0,1.0182398732175197
300.066,3475.0,95.4,0.5319756200027249,10487.0,165.0,1.006913562197019
300.317,3479.0,95.2,0.5091424989813114,,,
300.567,3485.0,95.1,0.5317951210223126,10505.0,165.0,1.0296785907886898
300.817,3489.0,95.0,0.520468810001812,10515.0,165.0,1.0296785907886898
,,,,10523.0,165.0,1.0296785907886898
301.318,3498.0,94.7,0.5262107311599473,10533.0,165.0,1.0414110245150954
301.568,3504.0,94.5,0.537537042180448,10541.0,165.0,1.0183974045132693
301.818,3508.0,94.4,0.537537042180448,10551.0,166.0,1.02972371553377
302.068,3513.0,94.2,0.5490438521813508,10560.0,166.0,1.0410500265542706
302.319,3517.0,94.1,0.5262107311599371,10570.0,166.0,1.052782460280699
302.569,3522.0,94.1,0.5375370421804377,10577.0,166.0,1.0071613429829929
302.819,3527.0,93.9,0.5375370421804377,10587.0,166.0,1.029813965023994
303.069,3532.0,93.7,0.5490438521813508,10596.0,166.0,1.030017431689028
303.32,3536.0,93.6,0.5262107311599473,10607.0,166.0,1.0413437427095287
303.57,3542.0,93.5,0.5488633532009486,10614.0,166.0,1.0297015584733065
303.82,3547.0,93.4,0.554628242043716,,,
304.07,3552.0,93.1,0.5433019310232153,10633.0,167.0,1.0240384029630563
304.321,3556.0,93.0,0.5431214320428029,10643.0,167.0,1.047052022964882
,,,,10651.0,167.0,1.0240384029630767
304.821,3567.0,92.8,0.5487845875530533,10660.0,167.0,1.0240384029630767
305.071,3572.0,92.6,0.5602913975539663,10670.0,167.0,1.0240384029630767
305.322,3576.0,92.5,0.5487845875530635,10680.0,167.0,1.0583332092402822
305.572,3580.0,92.4,0.537458276532563,10688.0,167.0,1.0353195892384768
305.822,3586.0,92.2,0.5487845875530636,10697.0,167.0,1.0353195892384768
306.072,3591.0,92.0,0.5602913975539663,,,
306.323,3595.0,91.9,0.537458276532563,,,
306.573,3600.0,91.8,0.537458276532563,10725.0,167.0,1.0163016422386701
306.823,3606.0,91.6,0.5487845875530636,10734.0,168.0,1.039270137495393
307.073,3611.0,91.4,0.5602913975539765,10745.0,168.0,1.0562596040261438
307.324,3616.0,91.3,0.5544026183182107,10754.0,168.0,1.0449332930056432
307.574,3621.0,91.2,0.5544026183182107,10763.0,168.0,1.0562144792810433
307.824,3626.0,91.0,0.5659094283191135,10773.0,168.0,1.067540790301544
308.074,3632.0,90.8,0.5885620503601148,10782.0,168.0,1.0562144792810433
308.325,3637.0,90.7,0.5770101156141114,10792.0,168.0,1.0562144792810433
308.575,3642.0,90.5,0.5770101156141114,10801.0,168.0,1.0674956655564205
308.825,3647.0,90.4,0.5885169256150142,10811.0,168.0,1.0788219765769211
309.075,3652.0,90.2,0.5885169256150142,10819.0,168.0,1.0638609905152259
309.326,3658.0,90.1,0.5882461771443956,10828.0,169.0,1.0638609905152259
309.576,3663.0,89.9,0.5882461771443956,10838.0,169.0,1.0520834320437198
309.826,3667.0,89.8,0.5771454898494105,,,
310.076,3672.0,89.7,0.5771454898494105,10857.0,169.0,1.0577465875539702
310.327,3677.0,89.5,0.5769198661239078,10868.0,169.0,1.0808053323008762
,,,,10876.0,169.0,1.0577917122990708
310.827,3688.0,89.2,0.5712567106136576,10887.0,169.0,1.080444334340072
311.077,3694.0,89.0,0.5828086453596608,10895.0,169.0,1.0577917122990708
311.328,3698.0,88.9,0.571301835358758,10906.0,169.0,1.0808504570459998
311.578,3704.0,88.6,0.5826281463792586,10914.0,169.0,1.057836837044174
311.828,3709.0,88.6,0.5826281463792586,10925.0,169.0,1.0918157701056757
312.078,3715.0,88.3,0.5828988948498772,10934.0,170.0,1.0918157701056757
312.329,3720.0,88.2,0.5826732711243617,10944.0,170.0,1.092267017556681
312.579,3725.0,88.0,0.5939995821448624,10953.0,170.0,1.086197739340526
312.829,3730.0,87.9,0.5939995821448624,10964.0,170.0,1.086197739340526
313.079,3736.0,87.7,0.6055515168908657,,,
313.33,3741.0,87.6,0.5996627376551127,10982.0,170.0,1.0978850483218308
313.58,3747.0,87.4,0.5996627376551127,,,
313.83,3752.0,87.2,0.6111695476560155,11002.0,170.0,1.0863326632290573
314.08,3757.0,87.0,0.5998432366355149,11011.0,170.0,1.097658974249558
,,,,11022.0,170.0,1.097658974249558
314.581,3768.0,86.8,0.605382051406015,11032.0,171.0,1.1202213468003785
314.831,3773.0,86.6,0.5940557403855143,11042.0,171.0,1.108895035779878
315.081,3779.0,86.4,0.6056076751315305,11051.0,171.0,1.108895035779878
315.332,3785.0,86.2,0.6166632376814278,11061.0,171.0,1.108895035779878
315.582,3790.0,86.1,0.6166632376814278,11071.0,171.0,1.1201762220552522
315.832,3796.0,86.0,0.6166632376814278,11081.0,171.0,1.1088499110347518
316.082,3801.0,85.8,0.6168888614069306,11090.0,171.0,1.1088499110347518
316.333,3807.0,85.6,0.616618112936312,,,
316.583,3812.0,85.4,0.616618112936312,11109.0,171.0,1.1031980592281272
316.833,3817.0,85.2,0.616618112936312,11120.0,171.0,1.1258506812691285
,,,,,,
317.334,3828.0,84.9,0.6166181129363191,11140.0,172.0,1.1145243702486278
317.584,3834.0,84.7,0.6279444239568197,11149.0,172.0,1.1032431839732277
,,,,11160.0,172.0,1.1145694949937284
318.084,3845.0,84.4,0.6222812684465694,11169.0,172.0,1.1145694949937284
318.335,3851.0,84.2,0.6222812684465694,11180.0,172.0,1.125895806014229
318.585,3857.0,84.0,0.63360757946707,11189.0,172.0,1.1146146197388316
318.835,3862.0,83.9,0.6222812684465694,11198.0,172.0,1.103288308718331
319.085,3868.0,83.7,0.63360757946707,11206.0,172.0,1.0919619976978303
319.336,3873.0,83.5,0.6223263931916725,11218.0,172.0,1.120492545617729
319.586,3879.0,83.4,0.6336527042121731,,,
319.836,3883.0,83.2,0.6223263931916725,11238.0,172.0,1.1089401605249682
320.086,3890.0,83.0,0.6394402004621664,11247.0,172.0,1.0976138495044676
,,,,11258.0,173.0,1.1206725942513736
320.587,3901.0,82.7,0.6336527042121731,11268.0,173.0,1.1088950357798422
320.837,3906.0,82.6,0.6279895487019228,11278.0,173.0,1.1202213468003428
321.087,3912.0,82.4,0.628260297172526,,,
321.338,3918.0,82.2,0.6279895487019075,11298.0,173.0,1.1088950357798422
321.588,3923.0,82.0,0.6279895487019075,11308.0,173.0,1.1201762220552651
,,,,11319.0,173.0,1.1428288440962664
322.088,3934.0,81.7,0.6223263931916572,11329.0,173.0,1.1654814661372677
322.339,3940.0,81.5,0.63360757946707,11339.0,173.0,1.1428288440962664
322.589,3946.0,81.3,0.63360757946707,11350.0,173.0,1.1538848569929212
322.839,3952.0,81.1,0.6562602015080713,11362.0,173.0,1.187863790054423
323.089,3958.0,80.9,0.6449338904875707,11370.0,174.0,1.1538848569929212
323.34,3964.0,80.7,0.6504506382669608,11380.0,174.0,1.1543361044439522
323.59,3971.0,80.5,0.6731032603079621,11391.0,174.0,1.1651660432683189
323.84,3976.0,80.4,0.6617769492874614,11402.0,174.0,1.1764923542888195
324.09,3982.0,80.2,0.6620476977580799,11411.0,174.0,1.1656172907193243
324.341,3988.0,80.0,0.6731032603079621,11421.0,174.0,1.1542909796988237
324.591,3994.0,79.8,0.6787664158182124,11431.0,174.0,1.1538397322478182
324.841,3999.0,79.6,0.6677108532683149,11443.0,174.0,1.1764923542888195
325.091,4005.0,79.4,0.6677108532683149,11451.0,174.0,1.1430097934234236
325.342,4010.0,79.2,0.6561589185223117,11462.0,174.0,1.131683482402923
325.592,4017.0,79.0,0.6674852295428123,11472.0,174.0,1.1538848569928932
325.842,4022.0,78.9,0.6564296669929148,11484.0,174.0,1.1765374790338945
326.092,4028.0,78.7,0.6451033559724142,11493.0,175.0,1.1543812291890272
326.343,4034.0,78.5,0.6561589185222964,11504.0,175.0,1.1543812291890272
326.593,4041.0,78.2,0.667485229542797,11513.0,175.0,1.1539751064831223
326.843,4046.0,78.1,0.6564296669929148,11526.0,175.0,1.1879540395446242
327.093,4052.0,77.9,0.6564296669929148,11534.0,175.0,1.1657526649546284
327.344,4058.0,77.7,0.6674852295428123,11545.0,175.0,1.1544263539341277
327.594,4065.0,77.5,0.6788115405633129,11555.0,175.0,1.176627728524098
327.844,4070.0,77.3,0.6790371642888156,11568.0,175.0,1.1992803505650993
328.094,4076.0,77.1,0.6677108532683149,11579.0,175.0,1.211057909036631
328.345,4081.0,76.9,0.6674852295427995,11590.0,175.0,1.1997315980161303
328.595,4089.0,76.7,0.6901378515838007,11598.0,175.0,1.1880442890348253
328.845,4095.0,76.5,0.6904086000544193,11610.0,175.0,1.199370600055326
329.095,4101.0,76.3,0.6790822890339187,11620.0,176.0,1.2111030337817315
329.346,4106.0,76.1,0.678856665308416,11631.0,176.0,1.1884504117407302
329.596,4113.0,75.9,0.6901829763289166,11640.0,176.0,1.199370600055326
329.846,4119.0,75.7,0.6904537247995198,11652.0,176.0,1.2106969110758266
330.096,4125.0,75.5,0.6791274137790192,11663.0,176.0,1.2224744695473582
330.347,4130.0,75.3,0.6789017900535165,11673.0,176.0,1.1884955364858563
330.597,4137.0,75.1,0.6902281010740171,11682.0,176.0,1.1654367917389272
330.847,4143.0,74.9,0.7017800358200332,11694.0,176.0,1.1767631027594279
331.097,4149.0,74.7,0.679127413779032,11705.0,176.0,1.211103033781734
331.348,4154.0,74.5,0.667575479033016,11716.0,176.0,1.1997767227612333
331.598,4161.0,74.3,0.6789017900535165,11725.0,176.0,1.188044289034828
331.848,4168.0,74.0,0.7017800358200205,11737.0,176.0,1.1993706000553286
332.098,4174.0,73.8,0.6904537247995198,11748.0,177.0,1.2224293448022345
332.349,4179.0,73.7,0.6789017900535165,11758.0,177.0,1.1997767227612333
332.599,4186.0,73.4,0.6902281010740171,,,
332.849,4192.0,73.2,0.7017800358200205,11779.0,177.0,1.1938761894750964
333.099,4198.0,73.0,0.6904537247995198,11790.0,177.0,1.205202500495597
,,,,11801.0,177.0,1.2282612452425261
333.6,4209.0,72.6,0.6846662285495193,11809.0,177.0,1.1825950031997192
333.85,4216.0,72.4,0.6959925395700199,11822.0,177.0,1.2052476252407205
334.1,4222.0,72.2,0.7075444743160361,11833.0,177.0,1.2052476252407205
334.351,4227.0,72.0,0.6846662285495322,,,
334.601,4234.0,71.8,0.6846662285495322,,,
334.851,4240.0,71.6,0.6846662285495322,11867.0,177.0,1.2319108817504798
,,,,,,
,,,,11888.0,178.0,1.2149214152197287
335.602,4260.0,70.9,0.7036684930480376,11899.0,178.0,1.2144250430235948
,,,,11910.0,178.0,1.2257513540440954
336.102,4272.0,70.5,0.692342182027537,11920.0,178.0,1.2203255763097318
336.353,4278.0,70.3,0.6920714335569184,11931.0,178.0,1.2203255763097318
336.603,4284.0,70.0,0.6920714335569184,11942.0,178.0,1.2198292041136258
336.853,4291.0,69.8,0.7091852408274195,11952.0,178.0,1.2428428241154315
337.103,4296.0,69.6,0.6865326187864182,11963.0,178.0,1.2201902020744302
337.354,4303.0,69.4,0.6975430565912151,11974.0,178.0,1.2201902020744302
337.604,4309.0,69.2,0.7090949913372184,11986.0,178.0,1.2273705043908405
337.854,4315.0,69.0,0.6977686803167178,11996.0,178.0,1.2217073488805903
338.104,4322.0,68.8,0.7090949913372184,12008.0,178.0,1.233530032097225
338.355,4328.0,68.5,0.7013739131140977,12019.0,178.0,1.233530032097225
338.605,4334.0,68.3,0.7013739131140977,12030.0,178.0,1.2443599709216195
338.855,4341.0,68.1,0.7129709726052169,12043.0,179.0,1.2670125929626208
339.105,4347.0,67.9,0.7129709726052169,12053.0,179.0,1.2561826541382262
339.356,4354.0,67.6,0.7126550993895132,12064.0,179.0,1.2675089651587268
339.606,4361.0,67.4,0.7353077214305144,12072.0,179.0,1.2331690341364
339.856,4367.0,67.2,0.7242972836257175,12084.0,179.0,1.2444953451569007
340.106,4373.0,67.0,0.7242972836257175,12096.0,179.0,1.245036842098138
340.357,4377.0,66.8,0.7014641626043039,12107.0,179.0,1.2563631531186386
340.607,4384.0,66.5,0.7014641626043039,12119.0,179.0,1.255821656177432
340.857,4391.0,66.3,0.7130612220954231,12128.0,179.0,1.2331690341364308
341.107,4397.0,66.1,0.7130612220954231,12140.0,179.0,1.2449917173530374
341.358,4404.0,65.8,0.7127453488797193,12152.0,179.0,1.2336654063325367
341.608,4409.0,65.7,0.7014190378592188,12164.0,179.0,1.2557765314323315
341.858,4416.0,65.4,0.7017349110749225,12175.0,179.0,1.2557765314323315
342.108,4423.0,65.2,0.7017349110749225,,,
342.359,4429.0,64.9,0.7014641626043192,12197.0,180.0,1.2901164624546582
342.609,4436.0,64.7,0.7127904736248198,,,
,,,,12220.0,180.0,1.284193321761294
343.109,4449.0,64.2,0.7412867501564838,12232.0,180.0,1.284193321761294
,,,,12245.0,180.0,1.306845943802295
343.61,4461.0,63.8,0.7298247946926194,12256.0,180.0,1.2955647575268951
343.86,4468.0,63.5,0.7298247946926194,12266.0,180.0,1.3068910685473956
344.11,4476.0,63.3,0.7524774167336207,12277.0,180.0,1.2955647575268951
344.361,4482.0,63.0,0.7411962304582206,12290.0,180.0,1.3068910685473956
344.611,4488.0,62.8,0.7525225414787212,12301.0,180.0,1.2956098822719675
344.861,4494.0,62.6,0.7411962304582206,12312.0,180.0,1.2956098822719675
345.111,4502.0,62.3,0.7525225414787212,12320.0,180.0,1.2616309492104656
345.362,4508.0,62.1,0.7525225414787058,12335.0,180.0,1.3015330229653317
345.612,4514.0,61.9,0.7411962304582053,12346.0,180.0,1.2897103397487253
345.862,4519.0,61.7,0.7242067639274543,12360.0,181.0,1.301036650769226
346.112,4527.0,61.4,0.7469950304118194,12370.0,181.0,1.290206711944831
346.363,4533.0,61.2,0.7353979709207155,12383.0,181.0,1.324185645006333
346.613,4540.0,60.9,0.7240716599002148,12393.0,181.0,1.312408086534827
346.863,4546.0,60.7,0.7243424083708181,12402.0,181.0,1.2671028424528246
347.113,4554.0,60.4,0.7469950304118194,12412.0,181.0,1.256272903628458
347.364,4559.0,60.2,0.735443095665816,12427.0,181.0,1.3015781477104604
347.614,4564.0,60.0,0.7014641626043141,12438.0,181.0,1.3350607085758281
347.864,4569.0,59.8,0.690408600054432,12452.0,181.0,1.3237343975553275
348.114,4579.0,59.5,0.7357138441364346,12463.0,181.0,1.3242307697514335
348.365,4585.0,59.2,0.7467694066863166,12475.0,181.0,1.3015781477104322
348.615,4592.0,59.0,0.735443095665816,,,
348.865,4598.0,58.7,0.7357138441364192,12499.0,181.0,1.3239594808647213
349.115,4605.0,58.5,0.7357138441364192,,,
,,,,,,
349.616,4619.0,58.0,0.7468819033063377,12533.0,182.0,1.3049113705865634
,,,,12545.0,182.0,1.32801524007857
,,,,,,
350.367,4638.0,57.2,0.7279092012240579,12569.0,182.0,1.361994173140072
350.617,4645.0,57.0,0.7507874469905618,,,
,,,,12593.0,182.0,1.384375506294361
351.117,4658.0,56.5,0.7677769135213127,12604.0,182.0,1.3390702622123585
,,,,12617.0,182.0,1.3622192564494937
351.618,4671.0,56.0,0.7846194319050945,12627.0,182.0,1.3164627649164604
351.868,4677.0,55.7,0.7393141878230921,12640.0,182.0,1.3391153869574615
352.118,4684.0,55.5,0.7509112473142112,12651.0,182.0,1.3277890759369608
352.369,4689.0,55.3,0.7280330015476946,12664.0,182.0,1.3393866758441737
352.619,4697.0,55.0,0.7506856235886958,12675.0,182.0,1.3352857918852246
352.869,4703.0,54.7,0.7393593125681952,12688.0,182.0,1.3466121029057252
353.119,4710.0,54.5,0.7395175644187773,12697.0,182.0,1.3126331698442233
353.37,4716.0,54.2,0.7355668959894527,12711.0,183.0,1.3355570807719366
353.62,4723.0,54.0,0.7355668959894527,12722.0,183.0,1.3350607085758308
353.87,4728.0,53.8,0.7185774294587017,12736.0,183.0,1.3463870195963314
354.12,4736.0,53.5,0.7357138441364217,12749.0,183.0,1.380817200108864
354.371,4742.0,53.2,0.7354430956658186,,,
354.621,4750.0,52.9,0.7467694066863192,12771.0,183.0,1.3579158965883626
354.871,4756.0,52.6,0.7583213414323353,,,
355.121,4763.0,52.4,0.7469950304118347,,,
355.372,4769.0,52.2,0.7467242819412161,12809.0,183.0,1.3767930816225304
,,,,12822.0,183.0,1.3762064599362234
,,,,12834.0,183.0,1.38802914315283
356.122,4789.0,51.3,0.7429488449343825,12846.0,183.0,1.3767028321323294
356.373,4796.0,51.1,0.7542300312097826,12858.0,183.0,1.410681765193831
356.623,4803.0,50.8,0.7542300312097826,12871.0,183.0,1.3987688324869905
356.873,4809.0,50.5,0.7655563422302832,,,
357.123,4816.0,50.3,0.7542300312097826,12895.0,183.0,1.4105915157035969
357.374,4820.0,50.0,0.7316676586589722,12907.0,184.0,1.3879388936625956
,,,,12920.0,184.0,1.3873522719762887
357.874,4821.0,49.5,0.6467203260052176,12932.0,184.0,1.3989272644762896
358.124,4816.0,49.2,0.5221309047797108,12944.0,184.0,1.3913763904626224
358.375,4810.0,49.0,0.3751596099838059,12955.0,184.0,1.3693103901079282
358.625,4804.0,48.7,0.23951462620841693,12969.0,184.0,1.3913312657175219
358.875,4798.0,48.4,0.0960480199487424,12981.0,184.0,1.3913312657175219
359.125,4792.0,48.2,-0.05087815010206194,12993.0,184.0,1.3913312657175219
359.376,4786.0,47.9,-0.19784944489796683,,,
359.626,4779.0,47.6,-0.34509148816447494,13019.0,184.0,1.3916239911099073
359.876,4773.0,47.4,-0.492333531430983,13032.0,184.0,1.402950302130408
,,,,13043.0,184.0,1.3916239911099073
360.377,4759.0,46.8,-0.6165842018254863,13058.0,184.0,1.4148632348372154
360.627,4752.0,46.6,-0.7015315344792411,13070.0,184.0,1.4143217378960091
360.877,4744.0,46.3,-0.7355104675407429,,,
361.127,4719.0,46.0,-0.950981125400858,,,
361.378,4693.0,45.7,-1.1763341024382565,13109.0,184.0,1.4256480489165098
,,,,13120.0,185.0,1.4251516767203758
,,,,13134.0,185.0,1.4257834231517832
362.128,4597.0,44.9,-1.4708181889712728,13145.0,185.0,1.4144571121312826
362.379,4567.0,44.7,-1.741295911110195,,,
362.629,4530.0,44.4,-2.0926823012163176,13168.0,185.0,1.408533971437933
362.879,4500.0,44.2,-2.353187454687832,13183.0,185.0,1.4314804897728892
363.129,4467.0,44.0,-2.6589978522413484,13195.0,185.0,1.4201541787523886
363.38,4437.0,43.8,-2.918307515210438,13207.0,185.0,1.4314804897728892
363.63,4396.0,43.5,-3.303402089907459,13219.0,185.0,1.3969600597701808
363.88,4364.0,43.2,-3.575233554399474,13233.0,185.0,1.4201541787523886
364.13,4332.0,43.0,-3.6545177315429784,13246.0,185.0,1.4201541787523886
364.381,4299.0,42.8,-3.7334860354707793,,,
364.631,4260.0,42.5,-3.8127702126142835,,,
364.881,4227.0,42.3,-3.848102888028878,13284.0,185.0,1.439336701886466
,,,,13297.0,185.0,1.4280103908659654
,,,,13309.0,185.0,1.439336701886466
365.632,4120.0,41.6,-3.8324632282042805,13321.0,185.0,1.444718345638609
365.882,4086.0,41.4,-3.877768472286283,13335.0,186.0,1.4333920346181084
366.132,4053.0,41.2,-3.877768472286283,13348.0,186.0,1.444718345638609
366.383,4019.0,40.9,-3.9228932173878834,13362.0,186.0,1.4673709676796103
366.633,3978.0,40.7,-3.9228932173878834,,,
366.883,3943.0,40.5,-3.9568721504493856,,,
367.133,3905.0,40.2,-4.024830016572389,13399.0,186.0,1.4715018947444845
367.384,3872.0,40.1,-4.024830016572305,13413.0,186.0,1.4715018947444845
,,,,13425.0,186.0,1.4596340867827775
367.884,3801.0,39.6,-3.9851879280005527,13439.0,186.0,1.4749268689063357
368.134,3759.0,39.4,-4.087124727185058,13451.0,186.0,1.4636005578858353
368.385,3725.0,39.2,-4.067251212614735,13465.0,186.0,1.4862531799268364
368.635,3684.0,39.0,-4.14653538975824,13477.0,186.0,1.4862531799268057
368.885,3652.0,38.8,-4.13520907873774,13492.0,186.0,1.4975794909473064
369.135,3625.0,38.6,-4.057459142927653,13503.0,186.0,1.474926868906305
369.386,3611.0,38.4,-3.751016998942693,13518.0,186.0,1.4862531799268057
369.636,3598.0,38.2,-3.5018381564916794,13531.0,186.0,1.4934034391373316
369.886,3589.0,38.0,-3.173375136897161,13546.0,186.0,1.5047297501578323
370.136,3579.0,37.8,-2.9143591000140487,,,
370.387,3573.0,37.6,-2.579962176438677,13571.0,187.0,1.510934402609289
370.637,3572.0,37.4,-2.1155834245981517,13584.0,187.0,1.4990214699024815
,,,,13598.0,187.0,1.5216740919434828
371.137,3579.0,37.0,-1.6923810026627966,13609.0,187.0,1.487695158881981
371.388,3583.0,36.8,-1.1828775057206706,13622.0,187.0,1.4995629668437185
371.638,3589.0,36.6,-0.7524776869416471,13636.0,187.0,1.4876049093917747
371.888,3593.0,36.4,-0.4013620453061278,13651.0,187.0,1.5329101534737772
372.138,3598.0,36.2,-0.18679388234805921,13662.0,187.0,1.4876049093917747
372.389,3603.0,36.0,0.01685409229543655,13676.0,187.0,1.4995178420985822
372.639,3609.0,35.8,0.18674875760294588,13690.0,187.0,1.4875597846466742
372.889,3613.0,35.6,0.34531711188995456,13704.0,187.0,1.504549251177425
373.139,3618.0,35.4,0.4696357846448582,13716.0,187.0,1.4938095618432314
373.39,3623.0,35.2,0.5373680270423593,13729.0,187.0,1.4824832508227308
373.64,3629.0,35.0,0.5656838045936108,13743.0,187.0,1.5158304374527893
373.89,3633.0,34.8,0.565864303574013,13758.0,187.0,1.5384830594937906
374.14,3638.0,34.6,0.5545379925535123,13769.0,187.0,1.505135872863732
374.391,3643.0,34.4,0.5656386798484975,13783.0,187.0,1.4938095618432314
374.641,3648.0,34.2,0.5656386798484975,13795.0,187.0,1.5045943759225255
374.891,3652.0,34.0,0.5545379925535123,13809.0,187.0,1.5045943759225255
375.141,3656.0,33.8,0.5318853705125111,13824.0,187.0,1.5165524333744338
375.392,3660.0,33.6,0.531704871532109,13840.0,188.0,1.539205055415435
375.642,3665.0,33.4,0.531704871532109,13853.0,188.0,1.5499447447496286
375.892,3670.0,33.2,0.5319304952576116,13869.0,188.0,1.5839236778111305
376.142,3674.0,32.9,0.5092778732166104,13882.0,188.0,1.573229113222073
376.393,3678.0,32.7,0.5090973742362083,13896.0,188.0,1.5619028022015726
376.643,3683.0,32.5,0.5090973742362083,13908.0,188.0,1.572687616280836
376.893,3686.0,32.3,0.4866703759207225,13925.0,188.0,1.606666549342338
377.143,3690.0,32.1,0.47534406490022185,13937.0,188.0,1.6072080462835443
377.394,3693.0,31.9,0.463882379644412,,,
377.644,3697.0,31.6,0.463882379644412,13963.0,188.0,1.5955878389691056
377.894,3700.0,31.4,0.45273656760431347,13980.0,188.0,1.6182404610101069
,,,,13992.0,188.0,1.5729352169281043
378.395,3706.0,31.0,0.4300161233416342,,,
378.645,3709.0,30.8,0.4073635013006329,14020.0,188.0,1.5845316459337297
378.895,3712.0,30.6,0.3960371902801323,14034.0,188.0,1.5618790238927285
379.145,3714.0,30.4,0.3735650672195332,14047.0,188.0,1.5618790238927285
379.396,3717.0,30.2,0.3507770709432227,14062.0,188.0,1.5732053349132291
379.646,3719.0,29.9,0.33945075992272206,14075.0,188.0,1.5844865211886598
379.896,3722.0,29.7,0.3281244489022215,14090.0,188.0,1.5618338991476586
380.146,3724.0,29.5,0.3169335121170301,14103.0,188.0,1.5731602101681592
380.397,3725.0,29.3,0.2829094543104277,14118.0,189.0,1.5961067285030985
380.647,3727.0,29.1,0.27158314328992705,14131.0,189.0,1.550214862734756
380.897,3729.0,28.9,0.2603246544911045,14144.0,189.0,1.5615411737552567
381.147,3730.0,28.7,0.23767203245010327,14157.0,189.0,1.5505313664359381
381.398,3731.0,28.5,0.21497428566399893,14171.0,189.0,1.5505313664359381
381.648,3732.0,28.3,0.20364797464349832,,,
381.898,3732.0,28.1,0.1698044158173057,14198.0,189.0,1.5558893219486374
382.148,3733.0,27.8,0.15847810479680507,14211.0,189.0,1.5332366999076361
,,,,14227.0,189.0,1.5678022546554449
382.649,3733.0,27.4,0.12449917173530323,14239.0,189.0,1.5332818246527367
382.899,3733.0,27.3,0.10184654969430197,14255.0,189.0,1.5672607577142386
383.149,3732.0,27.0,0.07923905239840126,14268.0,189.0,1.5446081356732373
383.4,3731.0,26.8,0.045305244081999936,14284.0,189.0,1.5791736904210791
383.65,3730.0,26.6,0.011326311020498067,14296.0,189.0,1.5673058824593415
383.9,3729.0,26.4,-0.011326311020503178,14314.0,189.0,1.6239374375618447
384.15,3727.0,26.1,-0.04526011933690195,14327.0,189.0,1.612611126541344
384.401,3725.0,26.0,-0.07914880290819765,14342.0,189.0,1.6299057930696461
384.651,3722.0,25.7,-0.11312773596969951,14354.0,189.0,1.6180379851079392
384.901,3720.0,25.5,-0.14710666903120137,,,
385.151,3717.0,25.3,-0.18108560209270325,,,
385.402,3714.0,25.1,-0.21492916091890352,14399.0,189.0,1.6067116740874385
,,,,14411.0,189.0,1.606711674087408
,,,,14428.0,189.0,1.6180379851079085
386.152,3702.0,24.4,-0.24890809398040536,14442.0,190.0,1.6293642961284092
386.403,3698.0,24.2,-0.2827516528065954,14457.0,190.0,1.6180379851079085
386.653,3692.0,24.0,-0.33938320790909854,14469.0,190.0,1.6180379851079392
386.903,3686.0,23.8,-0.39601476301160166,14485.0,190.0,1.595385363066938
387.153,3681.0,23.6,-0.4299936960731035,,,
387.404,3676.0,23.4,-0.4638372548993089,14514.0,190.0,1.6123748295976887
387.654,3668.0,23.1,-0.520468810001812,14526.0,190.0,1.5778543995949805
,,,,14543.0,190.0,1.63502745163869
388.154,3655.0,22.7,-0.5714372095940647,14557.0,190.0,1.6237011406181894
388.405,3647.0,22.5,-0.6277077667357637,,,
388.655,3638.0,22.3,-0.695801007094069,14587.0,190.0,1.657882459512519
388.905,3629.0,22.1,-0.7524325621965721,14602.0,190.0,1.6352298374715177
389.155,3618.0,21.9,-0.8318972383204888,14617.0,190.0,1.6465561484920184
389.406,3608.0,21.6,-0.8767512349514603,14632.0,190.0,1.6465561484920184
389.656,3597.0,21.4,-0.9333827900539635,14646.0,190.0,1.6691185210428185
389.906,3586.0,21.2,-1.0013406561769673,14661.0,190.0,1.657792210022318
390.156,3574.0,21.0,-1.0808504570459743,14675.0,190.0,1.6521290545120675
390.407,3562.0,20.8,-1.1256142041867703,14690.0,190.0,1.686649484514776
390.657,3548.0,20.6,-1.210561536840525,14705.0,190.0,1.6633199912972283
390.907,3535.0,20.4,-1.2675540899038324,14720.0,190.0,1.674646302317729
391.157,3520.0,20.2,-1.335511956026836,14733.0,190.0,1.6523327913851371
391.408,3506.0,20.0,-1.391511764697896,14749.0,190.0,1.6636591024056377
391.658,3490.0,19.8,-1.448143319800399,,,
391.908,3476.0,19.6,-1.4938998113334325,14779.0,190.0,1.6633199912972474
392.158,3459.0,19.4,-1.561857677456436,14793.0,191.0,1.651993680276747
,,,,14809.0,191.0,1.6752780487491556
392.659,3424.0,19.0,-1.635083069463235,14823.0,191.0,1.6633199912972116
392.909,3407.0,18.8,-1.6917146245657382,14839.0,191.0,1.685972613338213
393.159,3387.0,18.6,-1.7828666096709496,14853.0,191.0,1.6746463023177123
393.41,3369.0,18.4,-1.8273596083410963,14869.0,191.0,1.6866494845147593
393.66,3348.0,18.2,-1.9179700965051014,14884.0,191.0,1.6859726133382513
393.91,3328.0,18.0,-1.9746016516076044,14902.0,191.0,1.7426041684407543
394.16,3304.0,17.8,-2.088496508244054,14914.0,191.0,1.6972989243587517
394.411,3283.0,17.6,-2.1441804436994456,14930.0,191.0,1.7089643464876427
394.661,3255.0,17.4,-2.3027487979864545,14945.0,191.0,1.7196137863316352
394.911,3236.0,17.2,-2.3254014200274558,14962.0,191.0,1.730940097352136
395.161,3210.0,17.0,-2.422070693328166,14975.0,191.0,1.7202455327630786
395.412,3186.0,16.8,-2.5002718765892578,14992.0,191.0,1.7315718437835792
395.662,3157.0,16.6,-2.6022086757737632,15006.0,191.0,1.730940097352136
395.912,3133.0,16.5,-2.6709787873086226,,,
396.162,3104.0,16.3,-2.7615892754726277,15036.0,191.0,1.7196137863316354
396.413,3079.0,16.1,-2.8170927119475535,,,
,,,,15067.0,191.0,1.7256033982063905
396.913,3024.0,15.7,-2.856734800519306,,,
,,,,15098.0,191.0,1.6972876206551388
397.414,2966.0,15.4,-2.9476372935208675,,,
,,,,15129.0,191.0,1.736579294414868
397.914,2907.0,15.1,-2.9646267600516185,15146.0,191.0,1.7479056054353685
,,,,15159.0,191.0,1.7259298545708752
398.415,2847.0,14.7,-3.0885379590603064,15177.0,191.0,1.7372561655913759
398.665,2814.0,14.5,-3.167822136203811,15194.0,192.0,1.7817942890066694
398.915,2786.0,14.4,-3.214210374168226,15209.0,192.0,1.759141666965668
399.165,2750.0,14.2,-3.2934945513117304,15222.0,192.0,1.7484471023766108
399.416,2717.0,14.0,-3.3939422339079184,15240.0,192.0,1.7824260354381125
399.666,2687.0,13.9,-3.4052685449284192,15255.0,192.0,1.7764364235633576
399.916,2661.0,13.7,-3.417722974576497,15271.0,192.0,1.7820995790736078
400.166,2627.0,13.6,-3.491343996209751,15286.0,192.0,1.7767868383753807
400.417,2599.0,13.4,-3.47940980713599,15303.0,192.0,1.7767868383753807
400.667,2566.0,13.3,-3.519051895707742,,,
400.917,2536.0,13.1,-3.519730117924561,15334.0,192.0,1.804752201114609
401.167,2504.0,13.0,-3.5084038069040604,15349.0,192.0,1.7707732680531072
,,,,15366.0,192.0,1.7715403887198162
401.668,2445.0,12.7,-3.524726354921606,,,
401.918,2417.0,12.6,-3.434115866757601,,,
402.168,2385.0,12.4,-3.424278672325418,15409.0,192.0,1.7637733445446444
,,,,,,
,,,,15438.0,192.0,1.7804350036705996
402.919,2307.0,12.0,-3.378581305624872,15458.0,192.0,1.8030876257116009
,,,,15471.0,192.0,1.7811118748471075
403.42,2254.0,11.7,-3.383645364843599,15488.0,192.0,1.7924381858676082
403.67,2220.0,11.5,-3.383645364843599,15502.0,192.0,1.7804801284157001
403.92,2197.0,11.5,-3.3282773026039107,15521.0,192.0,1.8031327504567014
404.17,2170.0,11.4,-3.2603194364809074,,,
404.421,2145.0,11.2,-3.202559762750891,,,
404.671,2115.0,11.1,-3.1799071407098896,15569.0,192.0,1.8089050145521652
,,,,15586.0,192.0,1.8315576365931665
,,,,15600.0,192.0,1.7975787035316646
405.422,2036.0,10.7,-3.144310257826552,15618.0,192.0,1.839324680768338
405.672,2010.0,10.6,-3.1216576357855508,15632.0,192.0,1.8333575862314762
405.922,1989.0,10.5,-2.997068214560044,15652.0,192.0,1.8333575862314762
406.172,1962.0,10.4,-3.008786648199088,,,
406.423,1941.0,10.4,-2.9461434142307468,15686.0,193.0,1.8786628303134787
406.673,1913.0,10.1,-2.878185548107743,15703.0,193.0,1.8778957096467697
,,,,15720.0,193.0,1.912506389139679
407.173,1866.0,10.0,-2.883848703617993,15736.0,193.0,1.878527456078177
407.424,1843.0,9.8,-2.8375055903986786,,,
407.674,1821.0,9.8,-2.80465477596469,,,
407.924,1800.0,9.6,-2.702717976780184,15785.0,193.0,1.8822978658719522
,,,,,,
,,,,,,
408.675,1740.2,9.3,-2.630326108739704,15833.0,193.0,1.8707302486246555
,,,,15851.0,193.0,1.916035492706658
,,,,,,
409.426,1686.0,9.1,-2.540198233029309,15884.0,193.0,1.8990460261759072
409.676,1667.0,8.9,-2.5175456109883076,15899.0,193.0,1.910327212451269
,,,,15917.0,193.0,1.8876745904102676
410.176,1632.0,8.8,-2.4099456562935515,15933.0,193.0,1.876348279389767
410.427,1616.0,8.8,-2.3535397249165104,15951.0,193.0,1.8884417110769767
410.677,1598.0,8.6,-2.240276614711504,15966.0,193.0,1.8651122178594675
410.927,1583.0,8.6,-2.144002971037249,15984.0,193.0,1.8877648399004687
411.177,1564.0,8.4,-2.0997355960925588,16000.0,193.0,1.8842357363335034
411.428,1550.0,8.4,-2.008493361497146,16016.0,193.0,1.8844770425602992
411.678,1533.0,8.0,-1.9631881174151438,,,
411.928,1519.0,8.3,-1.8962859660344071,16049.0,193.0,1.867114553810319
412.178,1505.0,8.2,-1.850498109498795,16066.0,193.0,1.8727777093205695
,,,,16083.0,193.0,1.896107202538117
412.679,1476.0,8.0,-1.799201902501765,16100.0,193.0,1.884013770850864
412.929,1462.0,7.9,-1.7595598139300126,16117.0,193.0,1.8953400818713646
413.179,1449.0,7.9,-1.7263028767901603,16134.0,193.0,1.884013770850864
413.43,1436.0,7.8,-1.669084700001317,,,
413.68,1423.0,7.7,-1.6464320779603157,,,
413.93,1410.0,7.6,-1.578474211837312,16190.0,193.0,1.9259389251712788
,,,,16204.0,193.0,1.8806336810892765
,,,,16220.0,193.0,1.8806336810892765
414.681,1370.0,7.4,-1.5713539957327225,,,
414.931,1360.0,7.3,-1.492069818589218,,,
415.181,1350.0,7.3,-1.4467645745072155,,,
,,,,16292.0,194.0,1.9030826332018305
,,,,,,
,,,,,,
416.182,1306.0,7.0,-1.4126611764894403,16341.0,194.0,1.9013216034777887
,,,,,,
,,,,,,
416.933,1280.0,6.8,-1.3467881287351162,16395.0,194.0,1.9123764449931284
,,,,,,
,,,,,,
417.684,1252.0,6.5,-1.2937912486738077,16446.0,194.0,1.9121200571271577
,,,,,,
,,,,16485.0,194.0,1.9412029553451617
418.435,1228.0,6.4,-1.2370390404579066,16502.0,194.0,1.9412029553451617
,,,,16517.0,194.0,1.9178734621276525
418.935,1210.0,6.2,-1.1923204180622442,,,
419.185,1201.0,6.1,-1.1470151739802417,,,
419.436,1195.0,6.1,-1.0674602483661342,16572.0,194.0,1.914379549052081
,,,,16590.0,194.0,1.958872547722228
,,,,,,
420.186,1173.0,5.9,-0.9997034707654604,16625.0,194.0,1.9758620142529788
420.437,1165.0,5.8,-0.9766898507636345,,,
,,,,16661.0,194.0,1.975658750851358
420.937,1151.0,5.7,-0.9427109177021326,,,
,,,,16697.0,194.0,1.9947822693253796
421.438,1138.0,5.6,-0.8917200349191841,,,
,,,,,,
421.938,1125.0,5.4,-0.8673104019142804,16751.0,194.0,1.9947822693253796
,,,,,,
,,,,16785.0,194.0,1.9950386571913503
422.689,1107.0,5.3,-0.8296063039765305,16804.0,194.0,1.98851813152419
,,,,16822.0,194.0,1.9998444425446906
423.189,1096.0,5.1,-0.8014111795386768,,,
423.44,1090.0,5.0,-0.7671614980065717,16858.0,194.0,2.0345002467827005
423.69,1085.0,5.0,-0.7218562539245692,,,
,,,,,,
424.19,1073.0,4.9,-0.7221270023951725,16913.0,194.0,2.0342237500644966
,,,,,,
,,,,,,
424.941,1057.0,4.7,-0.6993939449452392,,,
,,,,,,
,,,,,,
,,,,,,
,,,,,,
,,,,17062.0,195.0,2.041904198063208
,,,,17079.0,195.0,2.036241042552958
,,,,17097.0,195.0,2.0358357304711707
426.943,1015.0,4.2,-0.6685481838705585,,,
427.193,1011.0,4.2,-0.6345692508090566,17136.0,195.0,2.052825197001922
427.444,1006.0,4.1,-0.6175011086997593,,,
,,,,17171.0,195.0,2.047037881370377
427.944,997.0,4.0,-0.594848486658758,17190.0,195.0,2.0696905034113784
,,,,17207.0,195.0,2.047895251527287
428.445,988.0,3.9,-0.5778477766305437,17226.0,195.0,2.059221562547788
428.695,985.0,3.9,-0.5495319990792921,17245.0,195.0,2.0696905034113295
428.945,981.0,3.8,-0.5271501255088941,17264.0,195.0,2.0775178741432003
429.195,977.0,3.7,-0.5158238144883934,17283.0,195.0,2.081975982576845
429.446,973.0,3.7,-0.4929906934669798,17302.0,195.0,2.1046286046178464
429.696,968.0,3.6,-0.48929569186907823,17321.0,195.0,2.1159097908932925
429.946,964.0,3.6,-0.47519720682258126,17340.0,195.0,2.1102466353830422
430.196,961.0,3.5,-0.46387089580208063,17359.0,195.0,2.1276317315402484
430.447,957.0,3.5,-0.4525897095266933,,,
430.697,953.0,3.4,-0.446926554016443,17397.0,195.0,2.127202190802954
430.947,950.0,3.4,-0.43003882081820916,17415.0,195.0,2.1385285018234548
,,,,17434.0,195.0,2.1385285018234548
431.448,943.0,3.2,-0.4356228504031684,17453.0,195.0,2.139385871980413
431.698,940.0,3.2,-0.42429653938266776,17472.0,195.0,2.1385285018234548
431.948,937.0,3.1,-0.4129702283621672,17494.0,195.0,2.1725074348849565
432.198,936.0,3.2,-0.37917179428107767,,,
432.449,927.0,3.0,-0.4240709156571523,,,
432.699,916.0,3.0,-0.5033550928006567,17549.0,195.0,2.1646800641530857
,,,,17572.0,195.0,2.2108426783919986
,,,,17590.0,195.0,2.1995163673714977
433.45,888.0,2.8,-0.574947633964863,,,
433.7,880.0,2.8,-0.6204333770272676,,,
433.95,867.0,2.7,-0.7223701762117732,17650.0,195.0,2.2105410456084864
,,,,17668.0,195.0,2.19964427532528
,,,,17686.0,195.0,2.19964427532528
434.701,838.0,2.6,-0.7977331271697465,,,
434.951,828.0,2.5,-0.8714332747282917,,,
435.201,824.0,2.6,-0.8827595857487923,17746.0,195.0,2.2106689535622857
,,,,17764.0,195.0,2.1993426425417852
,,,,17782.0,195.0,2.1880614562664333
435.952,792.0,2.3,-0.9694337660880998,17806.0,195.0,2.2107140783074346
436.202,783.0,2.3,-1.0600442542521047,17824.0,195.0,2.207215138018805
436.453,773.0,2.2,-1.0713254405275279,17843.0,195.0,2.1619098939368024
436.703,761.0,2.2,-1.0826517515480285,17861.0,195.0,2.161097648524947
436.953,752.0,2.1,-1.0790170765068259,17885.0,195.0,2.206704525390461
437.203,748.0,2.2,-1.0337118324248233,17903.0,195.0,2.206704525390461
437.454,747.0,2.2,-0.8977509754337129,17922.0,195.0,2.218030836410962
437.704,737.0,2.1,-0.9016722016192438,17941.0,195.0,2.206148788017046
437.954,721.0,1.9,-0.9696300677422476,17965.0,196.0,2.27410665414005
438.204,709.0,1.9,-1.0602405559062524,17983.0,196.0,2.274918899551859
438.455,697.0,1.9,-1.0749616778102442,,,
438.705,686.0,1.8,-1.0976142998512455,18024.0,196.0,2.2348133591319477
438.955,675.0,1.8,-1.1093918583227516,,,
,,,,18067.0,196.0,2.2744554477036996
439.456,661.0,1.8,-1.0526020513696572,18088.0,196.0,2.297108069744701
,,,,18106.0,196.0,2.297108069744747
439.956,640.0,1.6,-1.0695915179004083,18126.0,196.0,2.2518028256627445
440.206,628.0,1.6,-1.1602020060644131,18148.0,196.0,2.297108069744747
440.457,618.0,1.5,-1.2617326825430166,18170.0,196.0,2.3310870028062487
440.707,611.0,1.5,-1.2277537494815147,18187.0,196.0,2.308524630255405
440.957,602.0,1.4,-1.1484695723380103,18208.0,196.0,2.2745456971939033
441.207,595.0,1.5,-1.091838017235507,18230.0,196.0,2.319850941275906
441.458,586.0,1.4,-1.057994458409284,18252.0,196.0,2.337303859654816
441.708,577.0,1.4,-1.0353418363682827,18269.0,196.0,2.2855683393958546
441.958,568.0,1.3,-1.0126892143272814,18290.0,196.0,2.2855683393958546
442.208,555.0,1.3,-1.0808053323008764,,,
442.459,548.0,1.3,-1.0408473705134205,18333.0,196.0,2.3260226733794163
442.709,544.0,1.3,-0.9502368823494154,,,
,,,,,,
443.209,525.0,1.2,-0.9450249742901704,18393.0,196.0,2.3257210405959214
,,,,,,
,,,,18436.0,196.0,2.319571825830284
443.96,501.0,1.0,-0.9562306321972731,,,
,,,,18478.0,196.0,2.3082455148097836
444.461,481.0,1.0,-0.9673308691455007,18503.0,196.0,2.399623123640541
,,,,,,
444.961,469.0,0.9,-0.9560045581250001,,,
445.211,459.0,0.9,-0.9677369918514285,,,
,,,,,,
,,,,18604.0,196.0,2.3901965932225187
,,,,18626.0,196.0,2.3901965932225187
,,,,18646.0,196.0,2.3675439711815174
446.463,421.0,0.7,-0.9517426484934046,18668.0,196.0,2.4249426469507296
446.713,416.0,0.7,-0.9064374044114021,18688.0,196.0,2.4127138410282183
446.963,412.0,0.7,-0.8045006052268965,18711.0,196.0,2.4297033075589693
447.213,404.0,0.6,-0.8161427894631009,,,
447.464,395.0,0.6,-0.8723682218596992,18754.0,196.0,2.4469944068732152
447.714,387.0,0.6,-0.8553787553289482,18774.0,196.0,2.4295885046958405
,,,,18799.0,196.0,2.474893748777843
448.214,374.0,0.6,-0.8385099419115952,18821.0,196.0,2.440914815716341
448.465,371.0,0.5,-0.7593164646050623,18842.0,196.0,2.4503413461343633
448.715,365.0,0.5,-0.7593164646050623,18861.0,196.0,2.415505042915903
448.965,356.0,0.5,-0.7479901535845617,18883.0,196.0,2.438157664956904
449.215,344.0,0.4,-0.7979634300040874,,,
449.466,337.0,0.4,-0.8203001788293671,,,
449.716,338.0,0.4,-0.763668623726864,18947.0,196.0,2.430285049307509
,,,,18970.0,196.0,2.465166477271022
,,,,,,
450.467,306.0,0.3,-0.7937112489636683,,,
450.717,298.0,0.3,-0.7827910606490726,19033.0,196.0,2.4421971408073326
,,,,19057.0,196.0,2.470512918358584
,,,,19077.0,196.0,2.471415413260595
451.468,273.0,0.3,-0.7864408173294427,,,
451.718,268.0,0.3,-0.7694513507986918,19121.0,196.0,2.436939117240121
451.968,264.0,0.3,-0.780913036054494,,,
,,,,,,
452.469,245.0,0.2,-0.820340354257599,,,
,,,,,,
,,,,,,
,,,,,,
,,,,,,
,,,,19301.0,196.0,2.4423476853398194
,,,,,,
,,,,19346.0,196.0,2.45933715187057
454.471,167.0,0.1,-0.8287247663117353,,,
,,,,19393.0,196.0,2.51063164754997
454.971,158.0,0.1,-0.7437774336579807,,,
,,,,19437.0,196.0,2.51063164754997
455.472,145.0,0.1,-0.7382832032164829,,,
,,,,,,
455.972,134.0,0.0,-0.8119042248497369,,,
,,,,,,
,,,,19556.0,196.0,2.5386761424588906
,,,,,,
,,,,,,
457.223,112.0,0.0,-0.7410470431937332,,,
,,,,,,
,,,,,,
,,,,,,
,,,,,,
,,,,,,
,,,,,,
,,,,,,
,,,,,,
,,,,,,
,,,,,,
,,,,,,
,,,,,,
,,,,,,
,,,,,,
,,,,,,
,,,,,,
,,,,,,
,,,,,,
,,,,,,
,,,,,,
,,,,,,
,,,,,,
,,,,,,
,,,,,,
,,,,,,
,,,,,,
,,,,,,
,,,,,,
,,,,,,
,,,,,,
,,,,,,
,,,,,,
,,,,,,
,,,,,,
,,,,,,
,,,,,,
,,,,,,
,,,,,,
,,,,,,
,,,,,,
,,,,,,
,,,,,,
,,,,,,
,,,,,,
,,,,,,
,,,,,,
,,,,,,
,,,,,,
,,,,,,
,,,,,,
,,,,,,
,,,,,,
,,,,,,
,,,,,,
,,,,,,
,,,,,,
,,,,,,
,,,,,,
,,,,,,
,,,,,,
,,,,,,
,,,,,,
,,,,,,
,,,,,,
,,,,,,
,,,,,,
,,,,,,
,,,,,,
,,,,,,
,,,,,,
,,,,,,
,,,,,,
,,,,,,
,,,,,,
,,,,,,
,,,,,,
,,,,,,
,,,,,,
,,,,,,
,,,,,,
,,,,,,
,,,,,,
,,,,,,
,,,,,,
,,,,,,
,,,,,,
,,,,,,
,,,,,,
,,,,,,
,,,,,,
,,,,,,
,,,,,,
,,,,,,
,,,,,,
,,,,,,
,,,,,,
,,,,,,
,,,,,,
,,,,,,
,,,,,,
,,,,,,
,,,,,,
,,,,,,
,,,,,,
,,,,,,
,,,,,,
,,,,,,
,,,,,,
,,,,,,
,,,,,,
,,,,,,
,,,,,,
,,,,,,
,,,,,,
,,,,,,
,,,,,,
,,,,,,
,,,,,,
,,,,,,
,,,,,,
,,,,,,
,,,,,,
,,,,,,
,,,,,,
,,,,,,
,,,,,,
,,,,,,
,,,,,,
,,,,,,
,,,,,,
,,,,,,
,,,,,,
,,,,,,
,,,,,,
,,,,,,
,,,,,,
,,,,,,
,,,,,,
,,,,,,
,,,,,,
,,,,,,
,,,,,,
,,,,,,
,,,,,,
,,,,,,
,,,,,,
,,,,,,
,,,,,,
,,,,,,
,,,,,,
,,,,,,
,,,,,,
,,,,,,
,,,,,,
,,,,,,
,,,,,,
,,,,,,
,,,,,,
,,,,,,
,,,,,,
,,,,,,
,,,,,,
,,,,,,
,,,,,,
,,,,,,
,,,,,,
,,,,,,
,,,,,,
,,,,,,
,,,,,,
,,,,,,
,,,,,,
,,,,,,
,,,,,,
,,,,,,
,,,,,,
,,,,,,
,,,,,,
,,,,,,
,,,,,,
,,,,,,
,,,,,,
,,,,,,
,,,,,,
,,,,,,
,,,,,,
,,,,,,
,,,,,,
,,,,,,
,,,,,,
,,,,,,
,,,,,,
,,,,,,
,,,,,,
,,,,,,
,,,,,,
,,,,,,
,,,,,,
,,,,,,
,,,,,,
,,,,,,
,,,,,,
,,,,,,
,,,,,,
,,,,,,
,,,,,,
,,,,,,
,,,,,,
,,,,,,
,,,,,,
,,,,,,
,,,,,,
,,,,,,
,,,,,,
,,,,,,
,,,,,,
,,,,,,
,,,,,,
,,,,,,
,,,,,,
,,,,,,
,,,,,,
,,,,,,
,,,,,,
,,,,,,
,,,,,,
,,,,,,
,,,,,,
,,,,,,
,,,,,,
,,,,,,
,,,,,,
,,,,,,
,,,,,,
,,,,,,
,,,,,,
,,,,,,
,,,,,,
,,,,,,
,,,,,,
,,,,,,
,,,,,,
,,,,,,
,,,,,,
,,,,,,
,,,,,,
,,,,,,
,,,,,,
,,,,,,
,,,,,,
,,,,,,
,,,,,,
,,,,,,
,,,,,,
,,,,,,
,,,,,,
,,,,,,
,,,,,,
,,,,,,
,,,,,,
,,,,,,
,,,,,,
,,,,,,
,,,,,,
,,,,,,
,,,,,,
,,,,,,
